"Feature","Importance_Model_1","Importance_Model_2","Importance_Model_3","Importance_Model_4","Importance_Model_5","Importance_Model_6","Importance_Model_7","Importance_Model_8","Importance_Model_9","Importance_Model_10","Importance_Model_11","Importance_Model_12","Importance_Model_13","Importance_Model_14","Importance_Model_15","Mean_Importance"
"t__d__Bacteria;p__Actinobacteriota;c__Actinomycetia;o__Actinomycetales;f__Actinomycetaceae;g__Pauljensenia;s__Pauljensenia sp902373545",0,0.0949344429983089,0,0,0,NA,0,NA,0,0.0341318279617577,0.338067074528289,0.10763187734122,NA,0,0,0.0478971019024647
"t__d__Bacteria;p__Actinobacteriota;c__Actinomycetia;o__Actinomycetales;f__Bifidobacteriaceae;g__Bifidobacterium",0,0,0,0,0,NA,0,NA,0,0,0.0708395634872278,0,NA,0,0,0.00590329695726898
"t__d__Bacteria;p__Actinobacteriota;c__Actinomycetia;o__Actinomycetales;f__Bifidobacteriaceae;g__Bifidobacterium;s__Bifidobacterium breve",0,0,0,0.104566906701814,0,NA,0,NA,0.109236882997784,0,0,0,NA,0,0,0.0178169824749665
"t__d__Bacteria;p__Actinobacteriota;c__Actinomycetia;o__Actinomycetales;f__Bifidobacteriaceae;g__Bifidobacterium;s__Bifidobacterium catenulatum",0,0.0145110677899693,0,0,0,NA,0,NA,0,0,0,0,NA,0,0,0.0012092556491641
"t__d__Bacteria;p__Actinobacteriota;c__Actinomycetia;o__Actinomycetales;f__Bifidobacteriaceae;g__Bifidobacterium;s__Bifidobacterium imperatoris",0,0,0,0.0316202050956759,0,NA,0,NA,0,0,0,0,NA,0,0,0.00263501709130633
"t__d__Bacteria;p__Actinobacteriota;c__Actinomycetia;o__Actinomycetales;f__Bifidobacteriaceae;g__Bifidobacterium;s__Bifidobacterium kashiwanohense",0,0,0,0,0,NA,0,NA,0,0,0.0120359174845721,0,NA,0,0,0.00100299312371434
"t__d__Bacteria;p__Actinobacteriota;c__Actinomycetia;o__Actinomycetales;f__Bifidobacteriaceae;g__Bifidobacterium;s__Bifidobacterium longum",0,0,0,0,0,NA,0,NA,0.0585495364649653,0,0.0749793422318015,0,NA,0,0,0.0111274065580639
"t__d__Bacteria;p__Actinobacteriota;c__Actinomycetia;o__Actinomycetales;f__Bifidobacteriaceae;g__Bifidobacterium;s__Bifidobacterium pullorum_B",0,0,0,0,0,NA,0,NA,0.0999254238564653,0.0483485069561431,0,0,NA,0,0,0.0123561609010507
"t__d__Bacteria;p__Actinobacteriota;c__Actinomycetia;o__Actinomycetales;f__Bifidobacteriaceae;g__Bifidobacterium;s__Bifidobacterium saguini",0,0,0,0.00191946351927463,0,NA,0,NA,0,0.0400342084898005,0,0,NA,0,0,0.0034961393340896
"t__d__Bacteria;p__Actinobacteriota;c__Actinomycetia;o__Actinomycetales;f__Bifidobacteriaceae;g__Bifidobacterium;s__Bifidobacterium scardovii",0,0,0,0,0,NA,0,NA,0.0751542470929148,0,0,0,NA,0,0,0.00626285392440957
"t__d__Bacteria;p__Actinobacteriota;c__Actinomycetia;o__Actinomycetales;f__Bifidobacteriaceae;g__Bifidobacterium;s__Bifidobacterium sp002451435",0,0,0,0,0,NA,0,NA,0.0343541419848551,0.0424217278181016,0,0,NA,0,0,0.0063979891502464
"t__d__Bacteria;p__Actinobacteriota;c__Actinomycetia;o__Actinomycetales;f__Bifidobacteriaceae;g__Bifidobacterium;s__Bifidobacterium sp002742445",0,0,0,0,0,NA,0,NA,0,0,0,0.187524754350397,NA,0,0,0.0156270628625331
"t__d__Bacteria;p__Actinobacteriota;c__Actinomycetia;o__Actinomycetales;f__Bifidobacteriaceae;g__Scardovia;s__Scardovia wiggsiae",0,0,0,0.0146293790004891,0,NA,0,NA,0,0,0,0.0404374627901983,NA,0,0,0.00458890348255728
"t__d__Bacteria;p__Actinobacteriota;c__Coriobacteriia;o__Coriobacteriales;f__Atopobiaceae;g__Lancefieldella",0,0,0,0,0,NA,1,NA,0.0103707691883125,0,0.567320221147928,0.105862897784045,NA,0,0,0.140296157343357
"t__d__Bacteria;p__Actinobacteriota;c__Coriobacteriia;o__Coriobacteriales;f__Atopobiaceae;g__Lancefieldella;s__Lancefieldella parvula",0,0.0201215134289247,0,0,0,NA,0.477304494126157,NA,0.0280511380061071,0.125392864686645,0.0891106812944129,0,NA,0.115967743496524,0,0.0713290362532309
"t__d__Bacteria;p__Actinobacteriota;c__Coriobacteriia;o__Coriobacteriales;f__Atopobiaceae;g__Lancefieldella;s__Lancefieldella sp000564995",0.547391604784731,0.186793521587234,0,0.00917803364680455,0,NA,0,NA,0.0213767208352823,0,0.210999292609487,0,NA,0,0.44090369959358,0.11805357275476
"t__d__Bacteria;p__Actinobacteriota;c__Coriobacteriia;o__Coriobacteriales;f__Atopobiaceae;g__Lancefieldella;s__Lancefieldella sp015258605",0,0,0,0,0,NA,0.150784751309355,NA,0,0,0,0,NA,0,0,0.0125653959424462
"t__d__Bacteria;p__Actinobacteriota;c__Coriobacteriia;o__Coriobacteriales;f__Atopobiaceae;g__Lancefieldella;s__Lancefieldella sp015258715",0,0,0,0,0,NA,0,NA,0.0504469307671264,0,0.109800205641269,0,NA,0,0,0.013353928034033
"t__d__Bacteria;p__Actinobacteriota;c__Coriobacteriia;o__Coriobacteriales;f__Atopobiaceae;g__Lancefieldella;s__Lancefieldella sp900555335",0,0.0816727276984691,0,0,0,NA,0,NA,0,0,0,0,NA,0,0,0.0068060606415391
"t__d__Bacteria;p__Actinobacteriota;c__Coriobacteriia;o__Coriobacteriales;f__Coriobacteriaceae;g__Collinsella;s__Collinsella sp900551195",0,0.544962841332995,0.234190639858546,0.0821588640431456,0,NA,0,NA,0.656285495198515,0,0.303984087534684,0.726970641790995,NA,0.296939631127997,0,0.237124350073906
"t__d__Bacteria;p__Actinobacteriota;c__Coriobacteriia;o__Coriobacteriales;f__Eggerthellaceae;g__CAG-1427",0,0,0,0.0201684921452537,0,NA,0,NA,0,0,0.0417094281138641,0,NA,0,0,0.00515649335492648
"t__d__Bacteria;p__Actinobacteriota;c__Coriobacteriia;o__Coriobacteriales;f__Eggerthellaceae;g__Eggerthella",0,0,0,0.539273731562928,0,NA,0,NA,0.440459293055078,0.380147240933828,0.0986740165126093,0,NA,0,0,0.121546190172037
"t__d__Bacteria;p__Actinobacteriota;c__Coriobacteriia;o__Coriobacteriales;f__Eggerthellaceae;g__Eggerthella;s__Eggerthella lenta",0,0,0,0.0862920082327253,0,NA,0,NA,0,0,0,0,NA,0,0,0.00719100068606044
"t__d__Bacteria;p__Actinobacteriota;c__Coriobacteriia;o__Coriobacteriales;f__Eggerthellaceae;g__Eggerthella;s__Eggerthella sinensis",0,0.0601505350091421,0,0,0,NA,0,NA,1,0.0451017283164167,0,0,NA,0,0,0.0921043552771299
"t__d__Bacteria;p__Actinobacteriota;c__Coriobacteriia;o__Coriobacteriales;f__Eggerthellaceae;g__Eggerthella;s__Eggerthella sp014287365",0,0,0,0.192155517153791,0,NA,0,NA,0.251924673664764,0.110724087990534,0,0.140195001507484,NA,0,0,0.0579166066930477
"t__d__Bacteria;p__Actinobacteriota;c__Coriobacteriia;o__Coriobacteriales;f__Eggerthellaceae;g__Eggerthella;s__Eggerthella timonensis",0,0,0,0,0,NA,0,NA,0.317567112068377,0,0,0,NA,0,0,0.0264639260056981
"t__d__Bacteria;p__Actinobacteriota;c__Coriobacteriia;o__Coriobacteriales;f__Eggerthellaceae;g__Ellagibacter;s__Ellagibacter sp900554945",0.708230599329811,0.157188033624788,0,0.0245662502863818,0.519368301814663,NA,0.162527848220969,NA,0.231099174826047,0.037480364319417,0.0759031154660694,0,NA,0.302039578688412,0,0.18486693888138
"t__d__Bacteria;p__Actinobacteriota;c__Coriobacteriia;o__Coriobacteriales;f__Eggerthellaceae;g__Gordonibacter",0,0.0754279161674601,0,0.0303972998687538,0,NA,0,NA,0,0,0.125432754943818,0,NA,0,0,0.0192714975816693
"t__d__Bacteria;p__Actinobacteriota;c__Coriobacteriia;o__Coriobacteriales;f__Eggerthellaceae;g__Gordonibacter;s__Gordonibacter pamelaeae",0,0.00773335725635133,0,0.167287631638376,0,NA,0,NA,0.143190995041425,0,0.115115607497113,0.223807980469608,NA,0,0,0.0547612976585728
"t__d__Bacteria;p__Actinobacteriota;c__Coriobacteriia;o__Coriobacteriales;f__Eggerthellaceae;g__Gordonibacter;s__Gordonibacter urolithinfaciens",0,0.00442293622877743,0,0.033141742996249,0,NA,0,NA,0,0,0,0,NA,0,0,0.00313038993541887
"t__d__Bacteria;p__Actinobacteriota;c__Coriobacteriia;o__Coriobacteriales;f__Eggerthellaceae;g__UMGS1502;s__UMGS1502 sp900552365",0,0,0,0.00973432102439551,0,NA,0,NA,0,0,0.0128251798101358,0,NA,0,0,0.00187995840287761
"t__d__Bacteria;p__Bacteroidota;c__Bacteroidia;o__Bacteroidales;f__Bacteroidaceae;g__Alloprevotella",0,0,0,0,0,NA,0,NA,0,0,0.0148206311959132,0,NA,0,0,0.00123505259965944
"t__d__Bacteria;p__Bacteroidota;c__Bacteroidia;o__Bacteroidales;f__Bacteroidaceae;g__Alloprevotella;s__Alloprevotella sp004552155",0,0,0,0,0,NA,0,NA,0,0,0.0149922928615202,0,NA,0,0,0.00124935773846002
"t__d__Bacteria;p__Bacteroidota;c__Bacteroidia;o__Bacteroidales;f__Bacteroidaceae;g__Alloprevotella;s__Alloprevotella sp004552195",0,0,0,0.000408838998813189,0,NA,0,NA,0,0,0,0,NA,0,0,3.40699165677658e-05
"t__d__Bacteria;p__Bacteroidota;c__Bacteroidia;o__Bacteroidales;f__Bacteroidaceae;g__Alloprevotella;s__Alloprevotella sp004552865",0,0,0,0,0,NA,0,NA,0,0,0,0.0639004898787812,NA,0,0,0.00532504082323177
"t__d__Bacteria;p__Bacteroidota;c__Bacteroidia;o__Bacteroidales;f__Bacteroidaceae;g__Alloprevotella;s__Alloprevotella sp004558535",0,0,0,0,0,NA,0,NA,0,0,0.0427629291510146,0,NA,0,0,0.00356357742925122
"t__d__Bacteria;p__Bacteroidota;c__Bacteroidia;o__Bacteroidales;f__Bacteroidaceae;g__Alloprevotella;s__Alloprevotella sp900540885",0,0,0,0.0525515946011054,0,NA,0,NA,0.0829056157682026,0,0,0.0366313678208565,NA,0,0,0.0143407148491804
"t__d__Bacteria;p__Bacteroidota;c__Bacteroidia;o__Bacteroidales;f__Bacteroidaceae;g__Alloprevotella;s__Alloprevotella sp900541575",0,0,0.257313201675123,0.0437106739476937,0,NA,0,NA,0,0,0.0883936642064347,0.205422955358624,NA,0.175596555264811,0,0.0642030875377239
"t__d__Bacteria;p__Bacteroidota;c__Bacteroidia;o__Bacteroidales;f__Bacteroidaceae;g__Alloprevotella;s__Alloprevotella sp900542795",0,0,0,0,0,NA,0,NA,0,0,0.126642658948498,0,NA,0,0,0.0105535549123749
"t__d__Bacteria;p__Bacteroidota;c__Bacteroidia;o__Bacteroidales;f__Bacteroidaceae;g__Alloprevotella;s__Alloprevotella sp900772575",0,0,0,0,0,NA,0,NA,0,0.0434909203469463,0,0,NA,0,0,0.00362424336224552
"t__d__Bacteria;p__Bacteroidota;c__Bacteroidia;o__Bacteroidales;f__Bacteroidaceae;g__Bacteroides;s__Bacteroides acidifaciens",0,0,0,0.00310046735632028,0,NA,0,NA,0,0,0,0,NA,0,0,0.000258372279693356
"t__d__Bacteria;p__Bacteroidota;c__Bacteroidia;o__Bacteroidales;f__Bacteroidaceae;g__Bacteroides;s__Bacteroides cellulosilyticus",0,0,0,0,0,NA,0,NA,0,0.0421181542578788,0.0359524215842541,0,NA,0,0,0.00650588132017774
"t__d__Bacteria;p__Bacteroidota;c__Bacteroidia;o__Bacteroidales;f__Bacteroidaceae;g__Phocaeicola",0,0.235864253633873,0,0,0,NA,0,NA,0,0,0.0113191589073886,0,NA,0,0,0.0205986177117718
"t__d__Bacteria;p__Bacteroidota;c__Bacteroidia;o__Bacteroidales;f__Bacteroidaceae;g__Phocaeicola;s__Phocaeicola sp011959205",0,0,0,0,0,NA,0,NA,0,0,0.296177093027269,0,NA,0,0,0.0246814244189391
"t__d__Bacteria;p__Bacteroidota;c__Bacteroidia;o__Bacteroidales;f__Bacteroidaceae;g__Phocaeicola;s__Phocaeicola sp900552645",0,0,0,0.00970657810379141,0,NA,0,NA,0,0,0,0,NA,0,0,0.000808881508649284
"t__d__Bacteria;p__Bacteroidota;c__Bacteroidia;o__Bacteroidales;f__Bacteroidaceae;g__Phocaeicola;s__Phocaeicola sp902388365",0,0,0,0,0,NA,0,NA,0,0,0.123954755561431,0,NA,0,0,0.0103295629634526
"t__d__Bacteria;p__Bacteroidota;c__Bacteroidia;o__Bacteroidales;f__Bacteroidaceae;g__Prevotella;s__Prevotella bryantii",0,0,0,0,0.745909431716917,NA,0,NA,0.0613748324344201,0,0.0457355933325064,0.237604557824605,NA,0,0,0.0908853679423706
"t__d__Bacteria;p__Bacteroidota;c__Bacteroidia;o__Bacteroidales;f__Bacteroidaceae;g__Prevotella;s__Prevotella buccae",0,0,0,0,0,NA,0,NA,0.149306940270047,0.0605354325225674,0.191045282650926,0,NA,0.152100695880325,0,0.0460823626103221
"t__d__Bacteria;p__Bacteroidota;c__Bacteroidia;o__Bacteroidales;f__Bacteroidaceae;g__Prevotella;s__Prevotella denticola",0,0,0,0.225074520711274,0,NA,0,NA,0.0901944462186019,0,0,0,NA,0,0,0.026272413910823
"t__d__Bacteria;p__Bacteroidota;c__Bacteroidia;o__Bacteroidales;f__Bacteroidaceae;g__Prevotella;s__Prevotella fusca",0,0,0,0.364213111172836,0,NA,0,NA,0,0,0,0.171798246431296,NA,0,0,0.0446676131336776
"t__d__Bacteria;p__Bacteroidota;c__Bacteroidia;o__Bacteroidales;f__Bacteroidaceae;g__Prevotella;s__Prevotella ihumii",0,0,0,0.0150394697039756,0,NA,0,NA,0,0,0,0,NA,0,0,0.00125328914199797
"t__d__Bacteria;p__Bacteroidota;c__Bacteroidia;o__Bacteroidales;f__Bacteroidaceae;g__Prevotella;s__Prevotella jejuni",0,0,0,1,0,NA,0,NA,0.275279632849093,0,0.711635864287512,0.0746075120041226,NA,0,0,0.171793584095061
"t__d__Bacteria;p__Bacteroidota;c__Bacteroidia;o__Bacteroidales;f__Bacteroidaceae;g__Prevotella;s__Prevotella melaninogenica_C",0,0,0,0,0,NA,0,NA,0.023729805832519,0,0,0,NA,0,0,0.00197748381937658
"t__d__Bacteria;p__Bacteroidota;c__Bacteroidia;o__Bacteroidales;f__Bacteroidaceae;g__Prevotella;s__Prevotella multiformis",0,0,0,0,0,NA,0.168941261254182,NA,0,0,0,0,NA,0,0,0.0140784384378485
"t__d__Bacteria;p__Bacteroidota;c__Bacteroidia;o__Bacteroidales;f__Bacteroidaceae;g__Prevotella;s__Prevotella multisaccharivorax",0,0,0,0,0,NA,0,NA,0,0.108903436867577,0,0,NA,0,0,0.00907528640563141
"t__d__Bacteria;p__Bacteroidota;c__Bacteroidia;o__Bacteroidales;f__Bacteroidaceae;g__Prevotella;s__Prevotella oris",0,0,0,0.0287648568385689,0,NA,0,NA,0,0,0,0,NA,0,0,0.00239707140321408
"t__d__Bacteria;p__Bacteroidota;c__Bacteroidia;o__Bacteroidales;f__Bacteroidaceae;g__Prevotella;s__Prevotella pallens",0,0,0,0,0,NA,0,NA,0,0,0.00339301323163751,0.0606207350961475,NA,0,0,0.00533447902731542
"t__d__Bacteria;p__Bacteroidota;c__Bacteroidia;o__Bacteroidales;f__Bacteroidaceae;g__Prevotella;s__Prevotella salivae",0,0,0.336359503587481,0.0566926585744463,0,NA,0,NA,0,0,0,0.23444003314937,NA,0,0,0.0522910162759415
"t__d__Bacteria;p__Bacteroidota;c__Bacteroidia;o__Bacteroidales;f__Bacteroidaceae;g__Prevotella;s__Prevotella scopos",0,0,0,0.0430858659781325,0,NA,0,NA,0,0,0,0,NA,0,0,0.00359048883151104
"t__d__Bacteria;p__Bacteroidota;c__Bacteroidia;o__Bacteroidales;f__Bacteroidaceae;g__Prevotella;s__Prevotella sp000424185",0,0,0,0.0217653575818716,0,NA,0,NA,0,0,0.00469407575352039,0,NA,0,0,0.00220495277794933
"t__d__Bacteria;p__Bacteroidota;c__Bacteroidia;o__Bacteroidales;f__Bacteroidaceae;g__Prevotella;s__Prevotella sp000436915",0,0,0,0.0194433327850747,0,NA,0,NA,0,0,0.0385640997172873,0,NA,0,0,0.00483395270853017
"t__d__Bacteria;p__Bacteroidota;c__Bacteroidia;o__Bacteroidales;f__Bacteroidaceae;g__Prevotella;s__Prevotella sp000467895",0,0,0,0,0,NA,0,NA,0,0,0.0414775609900713,0,NA,0,0,0.00345646341583927
"t__d__Bacteria;p__Bacteroidota;c__Bacteroidia;o__Bacteroidales;f__Bacteroidaceae;g__Prevotella;s__Prevotella sp000688375",0,0.0102067169660228,0,0.0292210225607046,0,NA,0,NA,0,0,0.124073402830553,0,NA,0,0,0.01362509519644
"t__d__Bacteria;p__Bacteroidota;c__Bacteroidia;o__Bacteroidales;f__Bacteroidaceae;g__Prevotella;s__Prevotella sp002251385",0,0,0,0,0,NA,0,NA,0,0.0532105909514173,0,0,NA,0,0,0.00443421591261811
"t__d__Bacteria;p__Bacteroidota;c__Bacteroidia;o__Bacteroidales;f__Bacteroidaceae;g__Prevotella;s__Prevotella sp002298545",0,0,0,0,0,NA,0,NA,0,0.0563894933437756,0,0,NA,0,0,0.00469912444531464
"t__d__Bacteria;p__Bacteroidota;c__Bacteroidia;o__Bacteroidales;f__Bacteroidaceae;g__Prevotella;s__Prevotella sp002299635",0,0,0,0.00194087048488367,0,NA,0,NA,0,0,0,0,NA,0,0,0.000161739207073639
"t__d__Bacteria;p__Bacteroidota;c__Bacteroidia;o__Bacteroidales;f__Bacteroidaceae;g__Prevotella;s__Prevotella sp002300055",0,0,0,0.0020442717857637,0,NA,0,NA,0,0,0,0,NA,0,0,0.000170355982146975
"t__d__Bacteria;p__Bacteroidota;c__Bacteroidia;o__Bacteroidales;f__Bacteroidaceae;g__Prevotella;s__Prevotella sp002353975",0,0,0,0,0,NA,0,NA,0,0,0.104334872773427,0,NA,0.286460798771013,0,0.0325663059620367
"t__d__Bacteria;p__Bacteroidota;c__Bacteroidia;o__Bacteroidales;f__Bacteroidaceae;g__Prevotella;s__Prevotella sp002407775",0,0.0512134734452593,0,0,0,NA,0,NA,0,0,0,0,NA,0,0,0.00426778945377161
"t__d__Bacteria;p__Bacteroidota;c__Bacteroidia;o__Bacteroidales;f__Bacteroidaceae;g__Prevotella;s__Prevotella sp002440225",0,0,0,0,0,NA,0,NA,0,0,0.144414911284764,0,NA,0,0,0.012034575940397
"t__d__Bacteria;p__Bacteroidota;c__Bacteroidia;o__Bacteroidales;f__Bacteroidaceae;g__Prevotella;s__Prevotella sp003447235",0,0,0,0,0,NA,0,NA,0,0,0.0627075434888117,0,NA,0,0,0.00522562862406764
"t__d__Bacteria;p__Bacteroidota;c__Bacteroidia;o__Bacteroidales;f__Bacteroidaceae;g__Prevotella;s__Prevotella sp013333285",0.430226885425594,0.0281611900955883,0,0,1,NA,0.0859788217480758,NA,0.0728632181230366,0,0,0,NA,0,0,0.134769176282691
"t__d__Bacteria;p__Bacteroidota;c__Bacteroidia;o__Bacteroidales;f__Bacteroidaceae;g__Prevotella;s__Prevotella sp015074785",0,0,0,0,0,NA,0,NA,0.0164158890011633,0.0949991925623136,0.0163366224794646,0,NA,0,0,0.0106459753369118
"t__d__Bacteria;p__Bacteroidota;c__Bacteroidia;o__Bacteroidales;f__Bacteroidaceae;g__Prevotella;s__Prevotella sp017443345",0,0,0,0.0507857387946988,0,NA,0,NA,0.0820687846783682,0.0394550334837947,0.115590658481216,0.218265846831703,NA,0,0,0.0421805051891484
"t__d__Bacteria;p__Bacteroidota;c__Bacteroidia;o__Bacteroidales;f__Bacteroidaceae;g__Prevotella;s__Prevotella sp900199655",0,0,0,0,0,NA,0,NA,0.0122985440392433,0,0,0,NA,0,0,0.00102487866993694
"t__d__Bacteria;p__Bacteroidota;c__Bacteroidia;o__Bacteroidales;f__Bacteroidaceae;g__Prevotella;s__Prevotella sp900313215",0,0,0,0,0,NA,0,NA,0.121206058684041,0,0,0,NA,0,0,0.0101005048903368
"t__d__Bacteria;p__Bacteroidota;c__Bacteroidia;o__Bacteroidales;f__Bacteroidaceae;g__Prevotella;s__Prevotella sp900315695",0,0,0,0,0,NA,0,NA,0.0185977580639147,0,0,0,NA,0,0,0.00154981317199289
"t__d__Bacteria;p__Bacteroidota;c__Bacteroidia;o__Bacteroidales;f__Bacteroidaceae;g__Prevotella;s__Prevotella sp900315835",0,0,0,0.0113671780898174,0,NA,0,NA,0,0,0,0,NA,0,0,0.000947264840818114
"t__d__Bacteria;p__Bacteroidota;c__Bacteroidia;o__Bacteroidales;f__Bacteroidaceae;g__Prevotella;s__Prevotella sp900322095",0,0,0,0,0.484971336297277,NA,0,NA,0,0,0,0.241550316510506,NA,0,0,0.0605434710673153
"t__d__Bacteria;p__Bacteroidota;c__Bacteroidia;o__Bacteroidales;f__Bacteroidaceae;g__Prevotella;s__Prevotella sp900548195",0,0.0461183053686105,0,0,0,NA,0,NA,0,0,0,0,NA,0,0,0.00384319211405088
"t__d__Bacteria;p__Bacteroidota;c__Bacteroidia;o__Bacteroidales;f__Bacteroidaceae;g__Prevotella;s__Prevotella sp900548585",0,0,0,0,0,NA,0,NA,0,0.0371040365329992,0.061050444678459,0,NA,0,0,0.00817954010095485
"t__d__Bacteria;p__Bacteroidota;c__Bacteroidia;o__Bacteroidales;f__Bacteroidaceae;g__Prevotella;s__Prevotella sp900552515",0,0,0,0,0,NA,0,NA,0,0,0,0,NA,0.11099241693693,0,0.0092493680780775
"t__d__Bacteria;p__Bacteroidota;c__Bacteroidia;o__Bacteroidales;f__Bacteroidaceae;g__Prevotella;s__Prevotella sp900552675",0,0,0,0,0,NA,0,NA,0,0,0.0516376545994283,0,NA,0,0,0.00430313788328569
"t__d__Bacteria;p__Bacteroidota;c__Bacteroidia;o__Bacteroidales;f__Bacteroidaceae;g__Prevotella;s__Prevotella sp900553965",0,0,0,0.00749040042344785,0,NA,0,NA,0.193398313028563,0,0,0,NA,0,0,0.0167407261210009
"t__d__Bacteria;p__Bacteroidota;c__Bacteroidia;o__Bacteroidales;f__Bacteroidaceae;g__Prevotella;s__Prevotella sp900555035",0,0,0,0,0,NA,0,NA,0.105655954406656,0,0,0,NA,0,0,0.00880466286722136
"t__d__Bacteria;p__Bacteroidota;c__Bacteroidia;o__Bacteroidales;f__Bacteroidaceae;g__Prevotella;s__Prevotella sp900556275",0,0,0,0.054739349114389,0,NA,0.293796714009324,NA,0.129277698668816,0.102148374600511,0,0,NA,0,0,0.0483301780327534
"t__d__Bacteria;p__Bacteroidota;c__Bacteroidia;o__Bacteroidales;f__Bacteroidaceae;g__Prevotella;s__Prevotella sp900556395",0,0,0,0.0257197051018602,0,NA,0.118987329658775,NA,0,0,0.0255837845610824,0,NA,0,0,0.0141909016101432
"t__d__Bacteria;p__Bacteroidota;c__Bacteroidia;o__Bacteroidales;f__Bacteroidaceae;g__Prevotella;s__Prevotella sp900556825",0,0,0,0,0,NA,0,NA,0,0.0486887191053981,0.0375525535386616,0,NA,0,0,0.00718677272033831
"t__d__Bacteria;p__Bacteroidota;c__Bacteroidia;o__Bacteroidales;f__Bacteroidaceae;g__Prevotella;s__Prevotella sp900557035",0,0,0,0.0723191752104768,0,NA,0,NA,0,0,0,0,NA,0,0,0.0060265979342064
"t__d__Bacteria;p__Bacteroidota;c__Bacteroidia;o__Bacteroidales;f__Bacteroidaceae;g__Prevotella;s__Prevotella sp900557405",0,0,0,0,0,NA,0,NA,0,0,0,0.0492741625828161,NA,0,0,0.00410618021523468
"t__d__Bacteria;p__Bacteroidota;c__Bacteroidia;o__Bacteroidales;f__Bacteroidaceae;g__Prevotella;s__Prevotella sp900765465",0,0.000476420057839321,0,0,0,NA,0,NA,0,0,0,0,NA,0,0,3.97016714866101e-05
"t__d__Bacteria;p__Bacteroidota;c__Bacteroidia;o__Bacteroidales;f__Bacteroidaceae;g__Prevotella;s__Prevotella sp900767615",0,0,0,0.0327089091516127,0,NA,0,NA,0,0,0,0,NA,0,0,0.00272574242930106
"t__d__Bacteria;p__Bacteroidota;c__Bacteroidia;o__Bacteroidales;f__Bacteroidaceae;g__Prevotella;s__Prevotella sp900769055",0,0.186168064140079,0,0.0290876097844828,0,NA,0,NA,0.0221109335825604,0,0,0,NA,0,0,0.0197805506255935
"t__d__Bacteria;p__Bacteroidota;c__Bacteroidia;o__Bacteroidales;f__Bacteroidaceae;g__Prevotella;s__Prevotella sp900770515",0,0.0409235390903563,0,0.0401166228346482,0,NA,0,NA,0,0,0,0,NA,0,0,0.00675334682708371
"t__d__Bacteria;p__Bacteroidota;c__Bacteroidia;o__Bacteroidales;f__Bacteroidaceae;g__Prevotella;s__Prevotella sp900772835",0,0.0205488732803877,0,0,0,NA,0.128788135700911,NA,0,0.0576373843369919,0,0.169124486394004,NA,0,0,0.0313415733093578
"t__d__Bacteria;p__Bacteroidota;c__Bacteroidia;o__Bacteroidales;f__Bacteroidaceae;g__Prevotella;s__Prevotella sp905214625",0,0,0,0,0,NA,0,NA,0,0,0,0.039924723559238,NA,0,0,0.00332706029660317
"t__d__Bacteria;p__Bacteroidota;c__Bacteroidia;o__Bacteroidales;f__Bacteroidaceae;g__UBA1189",0,0,0,0,0,NA,0,NA,0.0410497782836485,0.0359904134322675,0,0,NA,0,0,0.00642001597632633
"t__d__Bacteria;p__Bacteroidota;c__Bacteroidia;o__Bacteroidales;f__Bacteroidaceae;g__UBA4372;s__UBA4372 sp900543815",0,0,0,0.0846356113122894,0,NA,0,NA,0,0,0,0.0756919228498195,NA,0,0,0.0133606278468424
"t__d__Bacteria;p__Bacteroidota;c__Bacteroidia;o__Bacteroidales;f__Bacteroidaceae;g__UBA6382",0,0,0,0.127386982893922,0,NA,0,NA,0.185619393636883,0.0796472199227835,0.117901456293924,0,NA,0,0,0.042546254395626
"t__d__Bacteria;p__Bacteroidota;c__Bacteroidia;o__Bacteroidales;f__Bacteroidaceae;g__UBA6398;s__UBA6398 sp002451695",0,0,0,0.0527797632129024,0.670305836685745,NA,0.0937294015547214,NA,0.0365576455130082,0.192301174628923,0,0,NA,0,0,0.0871394851329416
"t__d__Bacteria;p__Bacteroidota;c__Bacteroidia;o__Bacteroidales;f__Marinifilaceae;g__Butyricimonas;s__Butyricimonas sp900759925",0,0,0,0.0134065198485856,0,NA,0.255190739995358,NA,0,0,0,0,NA,0,0,0.0223831049869953
"t__d__Bacteria;p__Bacteroidota;c__Bacteroidia;o__Bacteroidales;f__Marinifilaceae;g__Odoribacter",0,0,0,0.00676596034550448,0,NA,0.125359833278255,NA,0.0300590591370359,0,0.0612843378970085,0,NA,0,0,0.018622432554817
"t__d__Bacteria;p__Bacteroidota;c__Bacteroidia;o__Bacteroidales;f__Marinifilaceae;g__Odoribacter;s__Odoribacter splanchnicus",0,0,0,0,0,NA,0,NA,0.012376035620815,0,0.0713450163905817,0,NA,0,0,0.00697675433428306
"t__d__Bacteria;p__Bacteroidota;c__Bacteroidia;o__Bacteroidales;f__Muribaculaceae;g__Amulumruptor",0,0.0294198848331498,0,0.0120897636482601,0.448238040948943,NA,0,NA,0.0523807880040212,0,0,0,NA,0,0.398286239801421,0.0783678931029829
"t__d__Bacteria;p__Bacteroidota;c__Bacteroidia;o__Bacteroidales;f__Muribaculaceae;g__Amulumruptor;s__Amulumruptor sp900547825",0,0,0,0,0,NA,0,NA,0.0384712112088682,0,0,0,NA,0,0,0.00320593426740568
"t__d__Bacteria;p__Bacteroidota;c__Bacteroidia;o__Bacteroidales;f__Muribaculaceae;g__CAG-485;s__CAG-485 sp905212215",0,0,0,0,0,NA,0,NA,0,0,0.0170543744204634,0,NA,0,0,0.00142119786837195
"t__d__Bacteria;p__Bacteroidota;c__Bacteroidia;o__Bacteroidales;f__Muribaculaceae;g__CAG-873;s__CAG-873 sp001701165",0,0,0,0,0,NA,0,NA,0,0,0.012515927414326,0,NA,0,0,0.00104299395119383
"t__d__Bacteria;p__Bacteroidota;c__Bacteroidia;o__Bacteroidales;f__Muribaculaceae;g__Limisoma;s__Limisoma gallistercoris",0,0,0,0,0,NA,0,NA,0.0927482268783497,0,0,0,NA,0,0,0.00772901890652914
"t__d__Bacteria;p__Bacteroidota;c__Bacteroidia;o__Bacteroidales;f__Muribaculaceae;g__Limisoma;s__Limisoma sp000437795",0,0,0,0,0,NA,0,NA,0.0256973469352343,0,0,0,NA,0,0,0.00214144557793619
"t__d__Bacteria;p__Bacteroidota;c__Bacteroidia;o__Bacteroidales;f__Muribaculaceae;g__SFTJ01;s__SFTJ01 sp905210415",0,0,0,0,0,NA,0,NA,0,0,0.0129667439956,0,NA,0,0,0.00108056199963333
"t__d__Bacteria;p__Bacteroidota;c__Bacteroidia;o__Bacteroidales;f__Muribaculaceae;g__Sodaliphilus",0,0,0,0,0,NA,0,NA,0,0,0.0130912490930864,0,NA,0,0,0.00109093742442387
"t__d__Bacteria;p__Bacteroidota;c__Bacteroidia;o__Bacteroidales;f__Paludibacteraceae;g__Aphodosoma;s__Aphodosoma sp900769035",0,0,0,0.00695489607892171,0,NA,0,NA,0.0142989694832206,0,0.0304712841275191,0,NA,0,0,0.00431042914080511
"t__d__Bacteria;p__Bacteroidota;c__Bacteroidia;o__Bacteroidales;f__Paludibacteraceae;g__RF16;s__RF16 sp017625155",0.359672454463832,0,0,0,0,NA,0,NA,0.0405948222743435,0,0.0731330345155005,0,NA,0,0,0.0394500259378063
"t__d__Bacteria;p__Bacteroidota;c__Bacteroidia;o__Bacteroidales;f__Rikenellaceae;g__Alistipes",0,0,0,0.0314072028441843,0,NA,0,NA,0,0,0,0,NA,0,0,0.00261726690368202
"t__d__Bacteria;p__Bacteroidota;c__Bacteroidia;o__Bacteroidales;f__Rikenellaceae;g__Alistipes_A",0,0,0,0,0,NA,0,NA,0,0,0.0646531141013424,0,NA,0,0,0.0053877595084452
"t__d__Bacteria;p__Bacteroidota;c__Bacteroidia;o__Bacteroidales;f__Rikenellaceae;g__Alistipes_A;s__Alistipes_A sp900549685",0,0,0,0,0,NA,0,NA,0,0,0.0113964496983029,0,NA,0,0,0.000949704141525245
"t__d__Bacteria;p__Bacteroidota;c__Bacteroidia;o__Bacteroidales;f__Rikenellaceae;g__Alistipes;s__Alistipes avistercoris",0,0,0,0.0224594470211415,0,NA,0.323605332014877,NA,0,0.0320056538302204,0,0,NA,0,0,0.0315058694055199
"t__d__Bacteria;p__Bacteroidota;c__Bacteroidia;o__Bacteroidales;f__Rikenellaceae;g__Alistipes;s__Alistipes communis",0,0,0,0,0,NA,0,NA,0.213459554071581,0.0310411969396764,0,0,NA,0,0,0.0203750625842714
"t__d__Bacteria;p__Bacteroidota;c__Bacteroidia;o__Bacteroidales;f__Rikenellaceae;g__Alistipes;s__Alistipes cottocaccae",0,0,0,0,0,NA,0,NA,0.0650287681165573,0,0,0,NA,0,0,0.00541906400971311
"t__d__Bacteria;p__Bacteroidota;c__Bacteroidia;o__Bacteroidales;f__Rikenellaceae;g__Alistipes;s__Alistipes excrementavium",0,0,0,0,0,NA,0,NA,0,0,0.0119788548352867,0,NA,0,0,0.000998237902940557
"t__d__Bacteria;p__Bacteroidota;c__Bacteroidia;o__Bacteroidales;f__Rikenellaceae;g__Alistipes;s__Alistipes intestinigallinarum",0,0,0,0,0,NA,0,NA,0,0,0.014709365262935,0,NA,0,0,0.00122578043857792
"t__d__Bacteria;p__Bacteroidota;c__Bacteroidia;o__Bacteroidales;f__Rikenellaceae;g__Alistipes;s__Alistipes onderdonkii",0,0,0,0,0,NA,0,NA,0,0,0.0151216597990803,0,NA,0,0,0.00126013831659002
"t__d__Bacteria;p__Bacteroidota;c__Bacteroidia;o__Bacteroidales;f__Rikenellaceae;g__Alistipes;s__Alistipes putredinis",0,0,0,0.0154289136796608,0,NA,0,NA,0,0,0,0,NA,0,0,0.0012857428066384
"t__d__Bacteria;p__Bacteroidota;c__Bacteroidia;o__Bacteroidales;f__Rikenellaceae;g__Alistipes;s__Alistipes senegalensis",0,0,0,0.0213330996749684,0,NA,0.17718169182313,NA,0.011481504931809,0,0.017506749939931,0,NA,0,0,0.0189585871974865
"t__d__Bacteria;p__Bacteroidota;c__Bacteroidia;o__Bacteroidales;f__Rikenellaceae;g__Alistipes;s__Alistipes shahii",0,0,0,0.0572784666004442,0,NA,0,NA,0.0136623033469552,0,0,0,NA,0,0,0.00591173082894995
"t__d__Bacteria;p__Bacteroidota;c__Bacteroidia;o__Bacteroidales;f__Rikenellaceae;g__Alistipes;s__Alistipes sp001941065",0,0,0,0.00534447690765116,0,NA,0,NA,0.0541136957610846,0,0,0.0357173469384638,NA,0,0,0.00793129330059997
"t__d__Bacteria;p__Bacteroidota;c__Bacteroidia;o__Bacteroidales;f__Rikenellaceae;g__Alistipes;s__Alistipes sp900541585",0,0.0957777265223399,0,0,0,NA,0,NA,0,0.0361601868514002,0,0,NA,0,0,0.0109948261144783
"t__d__Bacteria;p__Bacteroidota;c__Bacteroidia;o__Bacteroidales;f__Rikenellaceae;g__Alistipes;s__Alistipes sp900549305",0,0,0,0,0,NA,0,NA,0.011979725257057,0,0.0129801340674249,0,NA,0,0,0.00207998827704015
"t__d__Bacteria;p__Bacteroidota;c__Bacteroidia;o__Bacteroidales;f__Rikenellaceae;g__Alistipes;s__Alistipes timonensis",0,0,0,0,0,NA,0,NA,0.227135268202763,0.124357559438942,0.651997712633501,0.0336849930063137,NA,0,0,0.0864312944401266
"t__d__Bacteria;p__Bacteroidota;c__Bacteroidia;o__Bacteroidales;f__Tannerellaceae;g__Tannerella",0,0.0168439148068265,0,0.00491100953150839,0,NA,0,NA,0,0,0.150421893816174,0.055024178543511,NA,0,0,0.0189334163915017
"t__d__Bacteria;p__Bacteroidota;c__Bacteroidia;o__Bacteroidales;f__UBA932;g__Cryptobacteroides",0,0,0,0,0,NA,0,NA,0,0,0.00652986719820195,0.0542645754745367,NA,0,0,0.00506620355606155
"t__d__Bacteria;p__Bacteroidota;c__Bacteroidia;o__Bacteroidales;f__UBA932;g__Cryptobacteroides;s__Cryptobacteroides sp000432515",0,0,0,0,0,NA,0,NA,0,0,0.105955612106111,0,NA,0,0,0.00882963434217595
"t__d__Bacteria;p__Bacteroidota;c__Bacteroidia;o__Bacteroidales;f__UBA932;g__Cryptobacteroides;s__Cryptobacteroides sp000433355",0,0,0,0.0371399948895637,0,NA,0,NA,0.0138972758848441,0.060677797453164,0.0631724167585793,0.0353042780466064,NA,0,0,0.0175159802527298
"t__d__Bacteria;p__Bacteroidota;c__Bacteroidia;o__Bacteroidales;f__UBA932;g__Cryptobacteroides;s__Cryptobacteroides sp000434935",0,0,0,0,0,NA,0,NA,0,0,0,0.0829092726902278,NA,0,0,0.00690910605751898
"t__d__Bacteria;p__Bacteroidota;c__Bacteroidia;o__Bacteroidales;f__UBA932;g__Cryptobacteroides;s__Cryptobacteroides sp900545245",0,0,0,0.00611738534549015,0,NA,0,NA,0,0,0,0,NA,0,0,0.000509782112124179
"t__d__Bacteria;p__Bacteroidota;c__Bacteroidia;o__Bacteroidales;f__W3P20-009;g__W3P20-009;s__W3P20-009 sp004552385",0,0,0,0,0,NA,0,NA,0.0373670412579592,0,0,0,NA,0,0,0.00311392010482994
"t__d__Bacteria;p__Bacteroidota;c__Bacteroidia;o__Flavobacteriales;f__Flavobacteriaceae;g__Flavobacterium;s__Flavobacterium orientale",0,0,0,0.00741822134701075,0,NA,0,NA,0,0,0,0,NA,0,0,0.000618185112250896
"t__d__Bacteria;p__Campylobacterota;c__Campylobacteria;o__Campylobacterales;f__Campylobacteraceae;g__Campylobacter_B",0,0.116561711242118,0.230524386415753,0,0,NA,0,NA,0,0,0,0.0551217793379718,NA,0,0,0.0335173230829868
"t__d__Bacteria;p__Cyanobacteria;c__Vampirovibrionia;o__Gastranaerophilales;f__Gastranaerophilaceae;g__Stercorousia;s__Stercorousia sp905212085",0,0,0,0,0,NA,0,NA,0,0,0,0,NA,0.119859886885353,0,0.00998832390711272
"t__d__Bacteria;p__Cyanobacteria;c__Vampirovibrionia;o__Gastranaerophilales;f__Gastranaerophilaceae;g__Zag111;s__Zag111 sp002102825",0,0,0,0,0,NA,0,NA,0,0.0454135674214652,0.031446124397767,0,NA,0,0,0.00640497431826934
"t__d__Bacteria;p__Desulfobacterota_I;c__Desulfovibrionia;o__Desulfovibrionales;f__Desulfovibrionaceae;g__Desulfovibrio",0,0,0.202445521250289,0,0,NA,0.107251570714894,NA,0,0,0.126060182950688,0,NA,0,0,0.0363131062429892
"t__d__Bacteria;p__Desulfobacterota_I;c__Desulfovibrionia;o__Desulfovibrionales;f__Desulfovibrionaceae;g__Mailhella;s__Mailhella merdigallinarum",0,0,0,0.00675810455482481,0,NA,0,NA,0,0,0,0,NA,0,0,0.000563175379568734
"t__d__Bacteria;p__Firmicutes_A;c__Clostridia;o__Christensenellales;f__CAG-138;g__Phil1;s__Phil1 sp001940855",0,0,0,0,0,NA,0,NA,0.0595326032501169,0,0,0,NA,0,0,0.00496105027084308
"t__d__Bacteria;p__Firmicutes_A;c__Clostridia;o__Christensenellales;f__CAG-74;g__Faecivicinus",0,0.0855509509561732,0,0,0,NA,0,NA,0,0,0,0,NA,0,0,0.00712924591301444
"t__d__Bacteria;p__Firmicutes_A;c__Clostridia;o__Christensenellales;f__CAG-74;g__Limiplasma;s__Limiplasma sp004556545",0,0.234602164749012,0,0,0,NA,0,NA,0,0,0,0,NA,0,0,0.019550180395751
"t__d__Bacteria;p__Firmicutes_A;c__Clostridia;o__Christensenellales;f__CAG-74;g__SFMI01;s__SFMI01 sp004556155",0,0,0,0.0842829070445304,0,NA,0.228761348707945,NA,0.125924642652902,0,0.301217827819822,0,NA,0,0,0.0616822271854333
"t__d__Bacteria;p__Firmicutes_A;c__Clostridia;o__Christensenellales;f__CAG-74;g__Ventricola",0,0,0,0,0,NA,0,NA,0,0,0.0507055092896759,0,NA,0,0,0.004225459107473
"t__d__Bacteria;p__Firmicutes_A;c__Clostridia;o__Christensenellales;f__CAG-74;g__Ventricola;s__Ventricola sp900542445",0,0,0,0.0282000257446726,0,NA,0,NA,0.0828575473826173,0,0,0,NA,0,0,0.0092547977606075
"t__d__Bacteria;p__Firmicutes_A;c__Clostridia;o__Christensenellales;f__CAG-74;g__Ventricola;s__Ventricola sp900548125",0,0,0,0,0,NA,0,NA,0.0140640177122033,0,0,0.0845992735363737,NA,0,0,0.00822194093738142
"t__d__Bacteria;p__Firmicutes_A;c__Clostridia;o__Christensenellales;f__Christensenellaceae;g__Christensenella",0,0,0,0.00268253750035529,0,NA,0,NA,0,0.0650087570033714,0,0,NA,0,0,0.00564094120864389
"t__d__Bacteria;p__Firmicutes_A;c__Clostridia;o__Christensenellales;f__Christensenellaceae;g__Christensenella;s__Christensenella minuta",0,0,0.208198141438433,0,0,NA,0,NA,0,0,0,0.0718587825212522,NA,0,0,0.0233380769966404
"t__d__Bacteria;p__Firmicutes_A;c__Clostridia;o__Clostridiales;f__Clostridiaceae;g__Clostridium",0,0,0,0,0,NA,0,NA,0.109699375074069,0,0,0,NA,0,0,0.00914161458950571
"t__d__Bacteria;p__Firmicutes_A;c__Clostridia;o__Clostridiales;f__Clostridiaceae;g__Clostridium;s__Clostridium paraputrificum",0,0.0144941339981896,0,0,0,NA,0.258960136105366,NA,0,0,0,0,NA,0,0,0.022787855841963
"t__d__Bacteria;p__Firmicutes_A;c__Clostridia;o__Clostridiales;f__Clostridiaceae;g__Clostridium;s__Clostridium sp000435835",0,0,0,0,0,NA,0,NA,0,0.0314121935223137,0,0,NA,0,0,0.00261768279352614
"t__d__Bacteria;p__Firmicutes_A;c__Clostridia;o__Clostridiales;f__Clostridiaceae;g__Clostridium;s__Clostridium sp015670405",0,0,0,0.0283898804187396,0,NA,0,NA,0,0,0,0,NA,0,0,0.0023658233682283
"t__d__Bacteria;p__Firmicutes_A;c__Clostridia;o__Lachnospirales;f__Anaerotignaceae;g__Anaerotignum",0,0,0,0.00555582813764119,0,NA,0,NA,0.0333994427463809,0,0.0128412258507351,0,NA,0,0,0.00431637472789644
"t__d__Bacteria;p__Firmicutes_A;c__Clostridia;o__Lachnospirales;f__Anaerotignaceae;g__HGM11808",0,0,0.207295248753087,0,0,NA,0,NA,0,0,0,0,NA,0,0,0.0172746040627572
"t__d__Bacteria;p__Firmicutes_A;c__Clostridia;o__Lachnospirales;f__Lachnospiraceae;g__Acetatifactor;s__Acetatifactor intestinalis",0,0,0,0,0,NA,0,NA,0,0.0403924188992295,0,0,NA,0,0,0.00336603490826913
"t__d__Bacteria;p__Firmicutes_A;c__Clostridia;o__Lachnospirales;f__Lachnospiraceae;g__Acetatifactor;s__Acetatifactor sp002431915",0,0,0,0.0520268052581385,0,NA,0,NA,0,0,0,0.0855135693398259,NA,0,0,0.0114616978831637
"t__d__Bacteria;p__Firmicutes_A;c__Clostridia;o__Lachnospirales;f__Lachnospiraceae;g__Agathobacter;s__Agathobacter faecis",0,0,0,0.0184290808398284,0,NA,0,NA,0.107672934508486,0,0,0,NA,0,0,0.0105085012790262
"t__d__Bacteria;p__Firmicutes_A;c__Clostridia;o__Lachnospirales;f__Lachnospiraceae;g__Agathobacter;s__Agathobacter sp900543445",0,0,0,0,0,NA,0,NA,0.225846540756047,0,0.171603633214114,0,NA,0,0,0.0331208478308467
"t__d__Bacteria;p__Firmicutes_A;c__Clostridia;o__Lachnospirales;f__Lachnospiraceae;g__An181",0,0,0,0.0201220024514367,0,NA,0,NA,0.0265580253160164,0,0,0,NA,0,0,0.00389000231395443
"t__d__Bacteria;p__Firmicutes_A;c__Clostridia;o__Lachnospirales;f__Lachnospiraceae;g__Anaerostipes",0,0,0,0,0,NA,0,NA,0,0,0.0187132552493911,0,NA,0,0,0.00155943793744925
"t__d__Bacteria;p__Firmicutes_A;c__Clostridia;o__Lachnospirales;f__Lachnospiraceae;g__Anaerostipes;s__Anaerostipes sp000508985",0,0.068859330632965,0,0.0258603516560099,0,NA,0.271901504632255,NA,0,0,0,0,NA,0,0,0.0305517655767692
"t__d__Bacteria;p__Firmicutes_A;c__Clostridia;o__Lachnospirales;f__Lachnospiraceae;g__Anaerostipes;s__Anaerostipes sp018918155",0,0,0,0,0,NA,0.229677844311284,NA,0,0,0.0220829263997249,0,NA,0,0,0.0209800642259174
"t__d__Bacteria;p__Firmicutes_A;c__Clostridia;o__Lachnospirales;f__Lachnospiraceae;g__Anaerostipes;s__Anaerostipes sp900756035",0,0,0,0,0,NA,0.199430780297465,NA,0,0,0,0,NA,0,0,0.0166192316914554
"t__d__Bacteria;p__Firmicutes_A;c__Clostridia;o__Lachnospirales;f__Lachnospiraceae;g__Anaerostipes;s__Anaerostipes sp905213305",0,0.0530534874138916,0,0,0,NA,0,NA,0,0.0676936790598357,0.0274716560891223,0,NA,0,0,0.0123515685469041
"t__d__Bacteria;p__Firmicutes_A;c__Clostridia;o__Lachnospirales;f__Lachnospiraceae;g__Blautia_A;s__Blautia_A sp900540785",0,0,0,0,0,NA,0,NA,0,0,0.0701486231835798,0,NA,0,0,0.00584571859863165
"t__d__Bacteria;p__Firmicutes_A;c__Clostridia;o__Lachnospirales;f__Lachnospiraceae;g__Blautia_A;s__Blautia_A sp900541985",0,0,0,0,0,NA,0.117447993591079,NA,0,0,0.0422997512921446,0,NA,0,0,0.013312312073602
"t__d__Bacteria;p__Firmicutes_A;c__Clostridia;o__Lachnospirales;f__Lachnospiraceae;g__Blautia_A;s__Blautia_A sp900549015",0,0,0,0.0155977863021795,0,NA,0,NA,0,0,0,0.033225897747083,NA,0,0,0.00406864033743855
"t__d__Bacteria;p__Firmicutes_A;c__Clostridia;o__Lachnospirales;f__Lachnospiraceae;g__Blautia_A;s__Blautia_A sp900551465",0,0,0,0,0,NA,0.120440159565034,NA,0.251402105336218,0.0547981624261545,0,0,NA,0,0,0.0355533689439506
"t__d__Bacteria;p__Firmicutes_A;c__Clostridia;o__Lachnospirales;f__Lachnospiraceae;g__Blautia;s__Blautia argi",0,0,0,0,0,NA,0,NA,0,0,0.0121347486546521,0,NA,0,0,0.00101122905455434
"t__d__Bacteria;p__Firmicutes_A;c__Clostridia;o__Lachnospirales;f__Lachnospiraceae;g__Blautia;s__Blautia hansenii",0,0,0,0.0220953366265436,0,NA,0.120776205354265,NA,0,0,0.147390341662983,0,NA,0,0,0.0241884903036493
"t__d__Bacteria;p__Firmicutes_A;c__Clostridia;o__Lachnospirales;f__Lachnospiraceae;g__Blautia;s__Blautia hominis",0,0.0322208524549677,0,0,0,NA,0,NA,0,0,0,0,NA,0,0,0.00268507103791397
"t__d__Bacteria;p__Firmicutes_A;c__Clostridia;o__Lachnospirales;f__Lachnospiraceae;g__Blautia;s__Blautia merdigallinarum",0,0,0,0,0,NA,0,NA,0.0273389127610488,0,0,0,NA,0,0,0.0022782427300874
"t__d__Bacteria;p__Firmicutes_A;c__Clostridia;o__Lachnospirales;f__Lachnospiraceae;g__Blautia;s__Blautia merdipullorum",0,0,0,0.00305639660098239,0,NA,0,NA,0,0,0.0500236601676825,0,NA,0,0,0.00442333806405541
"t__d__Bacteria;p__Firmicutes_A;c__Clostridia;o__Lachnospirales;f__Lachnospiraceae;g__Blautia;s__Blautia ornithocaccae",0,0,0,0.0161518716778376,0,NA,0,NA,0,0,0,0,NA,0,0,0.00134598930648646
"t__d__Bacteria;p__Firmicutes_A;c__Clostridia;o__Lachnospirales;f__Lachnospiraceae;g__Blautia;s__Blautia pseudococcoides",0,0,0,0,0,NA,0,NA,0,0,0.0238584887659449,0,NA,0,0,0.00198820739716208
"t__d__Bacteria;p__Firmicutes_A;c__Clostridia;o__Lachnospirales;f__Lachnospiraceae;g__Blautia;s__Blautia sp001304935",0,0,0,0,0,NA,0,NA,0,0.0335445501070634,0,0,NA,0,0,0.00279537917558861
"t__d__Bacteria;p__Firmicutes_A;c__Clostridia;o__Lachnospirales;f__Lachnospiraceae;g__Blautia;s__Blautia sp900120295",0,0,0,0,0,NA,0,NA,0,0,0.044129288612726,0,NA,0,0,0.00367744071772717
"t__d__Bacteria;p__Firmicutes_A;c__Clostridia;o__Lachnospirales;f__Lachnospiraceae;g__Blautia;s__Blautia sp900539145",0,0.108427265406454,0,0,0,NA,0,NA,0.0111337659734162,0,0,0,NA,0,0,0.00996341928165586
"t__d__Bacteria;p__Firmicutes_A;c__Clostridia;o__Lachnospirales;f__Lachnospiraceae;g__Blautia;s__Blautia sp900556555",0,0,0,0.0629034891772034,0,NA,0,NA,0,0,0,0,NA,0,0,0.00524195743143361
"t__d__Bacteria;p__Firmicutes_A;c__Clostridia;o__Lachnospirales;f__Lachnospiraceae;g__Blautia;s__Blautia sp900753905",0,0,0,0.0112250929711965,0,NA,0,NA,0,0,0.0412862446306389,0.180655928046438,NA,0,0,0.0194306054706895
"t__d__Bacteria;p__Firmicutes_A;c__Clostridia;o__Lachnospirales;f__Lachnospiraceae;g__Blautia;s__Blautia stercoravium",0,0,0,0,0,NA,0.0891105455386287,NA,0.0169372297768512,0,0,0,NA,0,0,0.00883731460962332
"t__d__Bacteria;p__Firmicutes_A;c__Clostridia;o__Lachnospirales;f__Lachnospiraceae;g__Butyribacter",0,0,0,0,0,NA,0,NA,0,0.0312110400857251,0,0,NA,0,0,0.00260092000714376
"t__d__Bacteria;p__Firmicutes_A;c__Clostridia;o__Lachnospirales;f__Lachnospiraceae;g__CAG-127;s__CAG-127 sp002404515",0,0.0267343229865995,0,0,0,NA,0,NA,0,0,0,0,NA,0,0,0.00222786024888329
"t__d__Bacteria;p__Firmicutes_A;c__Clostridia;o__Lachnospirales;f__Lachnospiraceae;g__CAG-127;s__CAG-127 sp900767585",0,0.104125936899064,0,0,0,NA,0,NA,0,0,0,0,NA,0,0,0.00867716140825536
"t__d__Bacteria;p__Firmicutes_A;c__Clostridia;o__Lachnospirales;f__Lachnospiraceae;g__CAG-317;s__CAG-317 sp011960265",0,0,0,0.011071331674933,0,NA,0,NA,0,0,0.000478877468759718,0,NA,0,0,0.00096251742864106
"t__d__Bacteria;p__Firmicutes_A;c__Clostridia;o__Lachnospirales;f__Lachnospiraceae;g__CAG-317;s__CAG-317 sp910578495",0,0,0.278040236270652,0,0,NA,0,NA,0,0.0969492858941148,0.299386637079944,0.0444648844858075,NA,0,0,0.0599034203108765
"t__d__Bacteria;p__Firmicutes_A;c__Clostridia;o__Lachnospirales;f__Lachnospiraceae;g__CAG-882",0,0,0,0,0,NA,0,NA,0.0133378417442548,0,0,0,NA,0,0,0.00111148681202123
"t__d__Bacteria;p__Firmicutes_A;c__Clostridia;o__Lachnospirales;f__Lachnospiraceae;g__CAG-882;s__CAG-882 sp003486385",0,0,0.43734093984489,0.0407802054921258,0,NA,0,NA,0,0,0,0,NA,0,0,0.0398434287780847
"t__d__Bacteria;p__Firmicutes_A;c__Clostridia;o__Lachnospirales;f__Lachnospiraceae;g__CAG-882;s__CAG-882 sp900545175",0,0,0,0,0,NA,0,NA,0,0,0,0.101328762210695,NA,0,0,0.00844406351755793
"t__d__Bacteria;p__Firmicutes_A;c__Clostridia;o__Lachnospirales;f__Lachnospiraceae;g__Catenibacillus;s__Catenibacillus sp900553975",0,0,0,0.032132211180691,0,NA,0,NA,0,0.0894888138503315,0,0,NA,0,0,0.0101350854192519
"t__d__Bacteria;p__Firmicutes_A;c__Clostridia;o__Lachnospirales;f__Lachnospiraceae;g__Choladocola",0,0,0,0,0,NA,0,NA,0.0354948893190349,0,0.0116047254156602,0,NA,0,0,0.00392496789455792
"t__d__Bacteria;p__Firmicutes_A;c__Clostridia;o__Lachnospirales;f__Lachnospiraceae;g__Choladocola;s__Choladocola sp003480725",0,0.0168853012370561,0,0,0,NA,0,NA,0,0,0,0.0436662082612556,NA,0,0,0.00504595912485931
"t__d__Bacteria;p__Firmicutes_A;c__Clostridia;o__Lachnospirales;f__Lachnospiraceae;g__Clostridium_N;s__Clostridium_N sp905215405",0,0,0,0,0,NA,0,NA,0,0,0.0313904802772588,0,NA,0,0,0.00261587335643823
"t__d__Bacteria;p__Firmicutes_A;c__Clostridia;o__Lachnospirales;f__Lachnospiraceae;g__Coprococcus;s__Coprococcus sp900548215",0,0,0,0,0,NA,0.217109864325752,NA,0,0,0,0,NA,0,0,0.0180924886938126
"t__d__Bacteria;p__Firmicutes_A;c__Clostridia;o__Lachnospirales;f__Lachnospiraceae;g__Coprococcus;s__Coprococcus sp900548315",0,0,0,0,0,NA,0,NA,0.0353950837338724,0,0.136523524156886,0,NA,0,0,0.0143265506575632
"t__d__Bacteria;p__Firmicutes_A;c__Clostridia;o__Lachnospirales;f__Lachnospiraceae;g__Coprococcus;s__Coprococcus sp900557435",0,0,0,0.0211065539277172,0,NA,0,NA,0,0,0.0427418546161745,0,NA,0,0,0.00532070071199097
"t__d__Bacteria;p__Firmicutes_A;c__Clostridia;o__Lachnospirales;f__Lachnospiraceae;g__Copromonas",0,0,0,0,0,NA,0.124452381013635,NA,0,0,0.0727299256421125,0.0386498115110669,NA,0,0,0.0196526765139012
"t__d__Bacteria;p__Firmicutes_A;c__Clostridia;o__Lachnospirales;f__Lachnospiraceae;g__Copromonas;s__Copromonas sp900066055",0,0,0,0,0,NA,0,NA,0.0738600694961052,0,0.0651111794827693,0.150270018300579,NA,0,0,0.0241034389399544
"t__d__Bacteria;p__Firmicutes_A;c__Clostridia;o__Lachnospirales;f__Lachnospiraceae;g__Copromonas;s__Copromonas sp900066785",0,0.0567965930998587,0,0,0,NA,0,NA,0,0,0.0612971820780182,0,NA,0,0,0.00984114793148974
"t__d__Bacteria;p__Firmicutes_A;c__Clostridia;o__Lachnospirales;f__Lachnospiraceae;g__Eisenbergiella;s__Eisenbergiella sp900066775",0,0,0,0,0,NA,0,NA,0,0,0.0142127922709923,0,NA,0,0,0.00118439935591602
"t__d__Bacteria;p__Firmicutes_A;c__Clostridia;o__Lachnospirales;f__Lachnospiraceae;g__Eisenbergiella;s__Eisenbergiella sp900539715",0,0,0,0,0,NA,0.255137045171711,NA,0,0,0.0320350014902819,0,NA,0,0,0.0239310038884994
"t__d__Bacteria;p__Firmicutes_A;c__Clostridia;o__Lachnospirales;f__Lachnospiraceae;g__Enterocloster",0,0,0,0.0433824355148373,0,NA,0,NA,0,0,0,0,NA,0,0,0.00361520295956978
"t__d__Bacteria;p__Firmicutes_A;c__Clostridia;o__Lachnospirales;f__Lachnospiraceae;g__Enterocloster;s__Enterocloster sp900538485",0,0.0151876042937565,0,0,0,NA,0,NA,0,0,0.0394119521366292,0.0761639546722376,NA,0,0,0.0108969592585519
"t__d__Bacteria;p__Firmicutes_A;c__Clostridia;o__Lachnospirales;f__Lachnospiraceae;g__Eubacterium_F;s__Eubacterium_F sp002431395",0,0,0,0.00225151785957825,0,NA,0,NA,0,0,0,0.0466432825941062,NA,0,0,0.00407456670447371
"t__d__Bacteria;p__Firmicutes_A;c__Clostridia;o__Lachnospirales;f__Lachnospiraceae;g__Eubacterium_F;s__Eubacterium_F sp003491505",0,0.00251010540619782,0,0.0142951085797746,0,NA,0,NA,0.0216836736577494,0,0,0,NA,0,0,0.00320740730364349
"t__d__Bacteria;p__Firmicutes_A;c__Clostridia;o__Lachnospirales;f__Lachnospiraceae;g__Eubacterium_G;s__Eubacterium_G sp900550135",0,0,0,0,0,NA,0,NA,0.820360173238166,0,0,0.233470111651552,NA,0,0,0.0878191904074765
"t__d__Bacteria;p__Firmicutes_A;c__Clostridia;o__Lachnospirales;f__Lachnospiraceae;g__Eubacterium_J",0,0,0,0.0712191648569082,0,NA,0,NA,0,0,0,0,NA,0,0,0.00593493040474235
"t__d__Bacteria;p__Firmicutes_A;c__Clostridia;o__Lachnospirales;f__Lachnospiraceae;g__Faecalimonas;s__Faecalimonas sp900546325",0,0,0,0.0370862688580956,0,NA,0,NA,0,0,0,0,NA,0,0,0.0030905224048413
"t__d__Bacteria;p__Firmicutes_A;c__Clostridia;o__Lachnospirales;f__Lachnospiraceae;g__Faecalimonas;s__Faecalimonas umbilicata",0,0,0,0.252589354614722,0,NA,0.146585094971818,NA,0,0.0334065314875596,0,0.0654255075424593,NA,0.18114892622032,0,0.0565962845697399
"t__d__Bacteria;p__Firmicutes_A;c__Clostridia;o__Lachnospirales;f__Lachnospiraceae;g__Fimimorpha",0,0,0.22668699089666,0.0171773352109552,0,NA,0.472782123128019,NA,0,0,0.00300925723744143,0,NA,0,0,0.0599713088727563
"t__d__Bacteria;p__Firmicutes_A;c__Clostridia;o__Lachnospirales;f__Lachnospiraceae;g__GCA-900066755",0,0,0,0.00637668659141599,0,NA,0,NA,0,0.0376236850898194,0,0,NA,0,0,0.00366669764010295
"t__d__Bacteria;p__Firmicutes_A;c__Clostridia;o__Lachnospirales;f__Lachnospiraceae;g__GCA-900066755;s__GCA-900066755 sp902363085",0,0,0,0,0,NA,0,NA,0.0844111308955303,0,0,0.036363720714416,NA,0,0,0.0100645709674955
"t__d__Bacteria;p__Firmicutes_A;c__Clostridia;o__Lachnospirales;f__Lachnospiraceae;g__Lachnoanaerobaculum",0,0,0.194944329315189,0,0,NA,0,NA,0.0948795724498005,0,0,0,NA,0,0,0.0241519918137491
"t__d__Bacteria;p__Firmicutes_A;c__Clostridia;o__Lachnospirales;f__Lachnospiraceae;g__Lachnoanaerobaculum;s__Lachnoanaerobaculum orale",0,0,0,0,0,NA,0,NA,0.0113023698969336,0,0.0632780098886861,0,NA,0,0,0.00621503164880164
"t__d__Bacteria;p__Firmicutes_A;c__Clostridia;o__Lachnospirales;f__Lachnospiraceae;g__Lachnoanaerobaculum;s__Lachnoanaerobaculum sp000296385",0,0,0,0,0,NA,0,NA,0.107078651249833,0.130532621598163,0.0385141402097884,0,NA,0,0,0.0230104510881487
"t__d__Bacteria;p__Firmicutes_A;c__Clostridia;o__Lachnospirales;f__Lachnospiraceae;g__Lachnoclostridium_B;s__Lachnoclostridium_B faecipullorum",0,0,0,0,0,NA,0.202121933674751,NA,0,0.0443287938321987,0,0,NA,0,0,0.0205375606255791
"t__d__Bacteria;p__Firmicutes_A;c__Clostridia;o__Lachnospirales;f__Lachnospiraceae;g__Lachnoclostridium_B;s__Lachnoclostridium_B phocaeense",0,0,0,0.00235713396100751,0,NA,0,NA,0.0203325256097061,0,0,0.0793753915715923,NA,0,0,0.0085054209285255
"t__d__Bacteria;p__Firmicutes_A;c__Clostridia;o__Lachnospirales;f__Lachnospiraceae;g__Lachnospira;s__Lachnospira eligens_A",0,0.00687131594389635,0,0.105271168481313,0,NA,0,NA,0.0306835928053958,0,0,0.259975373182428,NA,0,0,0.0335667875344194
"t__d__Bacteria;p__Firmicutes_A;c__Clostridia;o__Lachnospirales;f__Lachnospiraceae;g__Lachnospira;s__Lachnospira sp900552795",0,0,0,0,0,NA,0,NA,0.0556774458113866,0,0,0,NA,0,0,0.00463978715094888
"t__d__Bacteria;p__Firmicutes_A;c__Clostridia;o__Lachnospirales;f__Lachnospiraceae;g__Mediterraneibacter;s__Mediterraneibacter massiliensis",0,0,0,0.0374479372767051,0,NA,0,NA,0,0,0,0,NA,0,0,0.00312066143972543
"t__d__Bacteria;p__Firmicutes_A;c__Clostridia;o__Lachnospirales;f__Lachnospiraceae;g__Merdimonas",0,0,0,0.000713024352142234,0,NA,0,NA,0.0136807789404354,0,0,0,NA,0,0,0.00119948360771481
"t__d__Bacteria;p__Firmicutes_A;c__Clostridia;o__Lachnospirales;f__Lachnospiraceae;g__Merdimonas;s__Merdimonas faecis",0,0,0,0.0500949462789856,0,NA,0,NA,0.0577685682598764,0.0349476851733058,0.476091619962908,0.0943517315597463,NA,0,0,0.0594378792695685
"t__d__Bacteria;p__Firmicutes_A;c__Clostridia;o__Lachnospirales;f__Lachnospiraceae;g__Merdiplasma;s__Merdiplasma sp905207905",0,0,0,0,0,NA,0,NA,0,0,0.0706319255173134,0,NA,0,0,0.00588599379310945
"t__d__Bacteria;p__Firmicutes_A;c__Clostridia;o__Lachnospirales;f__Lachnospiraceae;g__Oliverpabstia;s__Oliverpabstia sp002361775",0,0.0634914247059143,0,0,0,NA,0,NA,0,0,0,0.177794946767646,NA,0,0,0.0201071976227967
"t__d__Bacteria;p__Firmicutes_A;c__Clostridia;o__Lachnospirales;f__Lachnospiraceae;g__Oribacterium",0,0,0,0,0,NA,0,NA,0.231518444120133,0,0.0517418620066963,0,NA,0,0,0.0236050255105691
"t__d__Bacteria;p__Firmicutes_A;c__Clostridia;o__Lachnospirales;f__Lachnospiraceae;g__Oribacterium;s__Oribacterium sinus",0,0.0562789570342139,0,0,0,NA,0,NA,0.0663229410985066,0,0.0749186643681024,0.289887456482287,NA,0,0,0.0406173349152592
"t__d__Bacteria;p__Firmicutes_A;c__Clostridia;o__Lachnospirales;f__Lachnospiraceae;g__Porcincola;s__Porcincola sp900555005",0,0,0,0.0116649071811582,0,NA,0,NA,0,0,0,0,NA,0,0,0.000972075598429851
"t__d__Bacteria;p__Firmicutes_A;c__Clostridia;o__Lachnospirales;f__Lachnospiraceae;g__Roseburia",0,0,0,0,0,NA,0,NA,0.0814788116992986,0,0.0317454300330482,0,NA,0,0,0.00943535347769557
"t__d__Bacteria;p__Firmicutes_A;c__Clostridia;o__Lachnospirales;f__Lachnospiraceae;g__Roseburia;s__Roseburia hominis",0,0,0.205064268431174,0,0,NA,0,NA,0,0,0,0,NA,0,0,0.0170886890359312
"t__d__Bacteria;p__Firmicutes_A;c__Clostridia;o__Lachnospirales;f__Lachnospiraceae;g__Roseburia;s__Roseburia inulinivorans",0,0,0,0,0,NA,0.0889086783386545,NA,0,0,0.0308596145817683,0,NA,0,0.382312496382132,0.0418400657752129
"t__d__Bacteria;p__Firmicutes_A;c__Clostridia;o__Lachnospirales;f__Lachnospiraceae;g__Roseburia;s__Roseburia sp003483745",0,0.0568029094554384,0,0.0975414083359825,0,NA,0.101305663211566,NA,0,0,0.175437182958162,0,NA,0,0,0.0359239303300957
"t__d__Bacteria;p__Firmicutes_A;c__Clostridia;o__Lachnospirales;f__Lachnospiraceae;g__Roseburia;s__Roseburia sp900542495",0,0.0773290629239824,0.479252902764698,0,0,NA,0,NA,0.0135804818726439,0.129198745696455,0,0.150828046957739,NA,0.178781930075861,0,0.0857475975242816
"t__d__Bacteria;p__Firmicutes_A;c__Clostridia;o__Lachnospirales;f__Lachnospiraceae;g__RUG115",0,0,0,0,0,NA,0,NA,0.0128389891831365,0,0,0,NA,0,0,0.00106991576526137
"t__d__Bacteria;p__Firmicutes_A;c__Clostridia;o__Lachnospirales;f__Lachnospiraceae;g__Schaedlerella;s__Schaedlerella glycyrrhizinilytica_A",0,0,0,0,0,NA,0,NA,0,0,0.151227817621742,0,NA,0,0,0.0126023181351452
"t__d__Bacteria;p__Firmicutes_A;c__Clostridia;o__Lachnospirales;f__Lachnospiraceae;g__Scybalocola",0,0.00087081806729778,0,0.0106440242728113,0,NA,0,NA,0,0,0,0,NA,0,0,0.000959570195009089
"t__d__Bacteria;p__Firmicutes_A;c__Clostridia;o__Lachnospirales;f__Lachnospiraceae;g__Sellimonas",0,0,0,0.0548959632222239,0,NA,0,NA,0,0,0.136063936579917,0.0858951750437659,NA,0,0,0.0230712562371589
"t__d__Bacteria;p__Firmicutes_A;c__Clostridia;o__Lachnospirales;f__Lachnospiraceae;g__Sellimonas;s__Sellimonas intestinalis",0,0,0,0.0275049738494576,0,NA,0,NA,0,0,0.104565133718475,0,NA,0,0,0.0110058422973277
"t__d__Bacteria;p__Firmicutes_A;c__Clostridia;o__Lachnospirales;f__Lachnospiraceae;g__Sporofaciens",0,0,0,0,0,NA,0,NA,0.0186373512584355,0,0,0,NA,0,0,0.00155311260486963
"t__d__Bacteria;p__Firmicutes_A;c__Clostridia;o__Lachnospirales;f__Lachnospiraceae;g__Sporofaciens;s__Sporofaciens sp009774295",0,0,0,0.0176622671030674,0,NA,0,NA,0,0,0.0363282595371534,0,NA,0,0,0.00449921055335174
"t__d__Bacteria;p__Firmicutes_A;c__Clostridia;o__Lachnospirales;f__Lachnospiraceae;g__Stomatobaculum",0,0.062403381211404,0,0.0255533845234299,0,NA,0,NA,0.17987501850559,0,0.108978660960064,0,NA,0,0,0.031400870433374
"t__d__Bacteria;p__Firmicutes_A;c__Clostridia;o__Lachnospirales;f__Lachnospiraceae;g__Stomatobaculum;s__Stomatobaculum longum",0,0,0,0.0408919937262616,0,NA,0,NA,0.0365439762966004,0,0,0.202456847321368,NA,0,0,0.0233244014453525
"t__d__Bacteria;p__Firmicutes_A;c__Clostridia;o__Lachnospirales;f__Lachnospiraceae;g__Stomatobaculum;s__Stomatobaculum sp002892395",0,0.186197734326591,0,0,0,NA,0,NA,0,0,0,0,NA,0,0,0.0155164778605492
"t__d__Bacteria;p__Firmicutes_A;c__Clostridia;o__Lachnospirales;f__Lachnospiraceae;g__UBA11774",0,0,0,0,0,NA,0,NA,0,0,0,0.0542359722293074,NA,0,0,0.00451966435244228
"t__d__Bacteria;p__Firmicutes_A;c__Clostridia;o__Lachnospirales;f__Lachnospiraceae;g__UBA9414",0,0,0,0,0,NA,0,NA,0,0,0.0219236076403886,0.063172174353714,NA,0,0,0.00709131516617522
"t__d__Bacteria;p__Firmicutes_A;c__Clostridia;o__Lachnospirales;f__Lachnospiraceae;g__UMGS1251",0,0,0,0.00795890145196513,0,NA,0,NA,0,0,0.0164881517967828,0,NA,0,0,0.00203725443739566
"t__d__Bacteria;p__Firmicutes_A;c__Clostridia;o__Lachnospirales;f__Lachnospiraceae;g__UMGS1370",0,0,0,0.0271606296378602,0,NA,0,NA,0,0,0.0491007635080892,0,NA,0.312145262928205,0,0.0323672213395129
"t__d__Bacteria;p__Firmicutes_A;c__Clostridia;o__Lachnospirales;f__Lachnospiraceae;g__UMGS1370;s__UMGS1370 sp900542035",0,0,0,0.0146674049693525,0,NA,0,NA,0,0,0.0613870493534847,0,NA,0,0,0.00633787119356977
"t__d__Bacteria;p__Firmicutes_A;c__Clostridia;o__Oscillospirales;f__Acutalibacteraceae;g__Acutalibacter;s__Acutalibacter stercoravium",0,0.169796566251772,0,0,0,NA,0,NA,0.0480086231434878,0.0313171876940733,0.0261686173375091,0,NA,0,0,0.0229409162022369
"t__d__Bacteria;p__Firmicutes_A;c__Clostridia;o__Oscillospirales;f__Acutalibacteraceae;g__CAG-177",0,0.129877151317341,0,0,0,NA,0,NA,0,0,0,0,NA,0,0,0.0108230959431118
"t__d__Bacteria;p__Firmicutes_A;c__Clostridia;o__Oscillospirales;f__Acutalibacteraceae;g__CAG-177;s__CAG-177 sp003538135",0,0.0302069051219132,0,0.0116659873843732,0,NA,0,NA,0,0,0,0,NA,0,0,0.0034894077088572
"t__d__Bacteria;p__Firmicutes_A;c__Clostridia;o__Oscillospirales;f__Acutalibacteraceae;g__CAG-217",0,0,0,0.00920379726139918,0,NA,0.0924275018532997,NA,0,0,0,0,NA,0,0,0.00846927492622491
"t__d__Bacteria;p__Firmicutes_A;c__Clostridia;o__Oscillospirales;f__Acutalibacteraceae;g__Eubacterium_R;s__Eubacterium_R sp900539165",0,0,0,0,0,NA,0,NA,0,0,0.0135947966275369,0.116024369613647,NA,0,0,0.0108015971867654
"t__d__Bacteria;p__Firmicutes_A;c__Clostridia;o__Oscillospirales;f__Acutalibacteraceae;g__Eubacterium_R;s__Eubacterium_R sp900539775",0,0.0125902366475771,0,0,0,NA,0,NA,0,0,0.00282664626182788,0,NA,0,0,0.00128474024245041
"t__d__Bacteria;p__Firmicutes_A;c__Clostridia;o__Oscillospirales;f__Acutalibacteraceae;g__Eubacterium_R;s__Eubacterium_R sp900767025",0,0.0798242807992553,0,0,0,NA,0.100804215926551,NA,0.0462915074386011,0,0,0,NA,0,0,0.018910000347034
"t__d__Bacteria;p__Firmicutes_A;c__Clostridia;o__Oscillospirales;f__Acutalibacteraceae;g__Fimenecus;s__Fimenecus sp002437245",0,0,0,0,0,NA,0,NA,0.0216292967580421,0,0,0,NA,0,0,0.00180244139650351
"t__d__Bacteria;p__Firmicutes_A;c__Clostridia;o__Oscillospirales;f__Acutalibacteraceae;g__NSJ-40",0,0,0,0,0,NA,0,NA,0,0,0.022667055816832,0,NA,0,0,0.00188892131806933
"t__d__Bacteria;p__Firmicutes_A;c__Clostridia;o__Oscillospirales;f__Acutalibacteraceae;g__Pseudoruminococcus_A",0,0,0,0.00452868094655044,0,NA,0,NA,0,0,0,0,NA,0,0,0.000377390078879203
"t__d__Bacteria;p__Firmicutes_A;c__Clostridia;o__Oscillospirales;f__Acutalibacteraceae;g__Ruminococcus_E;s__Ruminococcus_E sp003438075",0,0,0,0,0,NA,0,NA,0,0,0.0223049412440919,0,NA,0,0,0.00185874510367432
"t__d__Bacteria;p__Firmicutes_A;c__Clostridia;o__Oscillospirales;f__Acutalibacteraceae;g__Ruminococcus_E;s__Ruminococcus_E sp016680995",0,0.0609699736949771,0,0,0,NA,0,NA,0,0,0,0,NA,0,0,0.00508083114124809
"t__d__Bacteria;p__Firmicutes_A;c__Clostridia;o__Oscillospirales;f__Acutalibacteraceae;g__UBA6857",0,0.154163638629637,0,0.0210101675484265,0,NA,0,NA,0,0,0,0,NA,0,0,0.0145978171815053
"t__d__Bacteria;p__Firmicutes_A;c__Clostridia;o__Oscillospirales;f__Acutalibacteraceae;g__UBA737;s__UBA737 sp900549755",0,0,0,0,0,NA,0,NA,0,0,0.0293459433341818,0,NA,0,0,0.00244549527784849
"t__d__Bacteria;p__Firmicutes_A;c__Clostridia;o__Oscillospirales;f__Acutalibacteraceae;g__UMGS1071",0,0,0,0,0,NA,0,NA,0.059488835914394,0,0,0,NA,0,0,0.00495740299286616
"t__d__Bacteria;p__Firmicutes_A;c__Clostridia;o__Oscillospirales;f__Acutalibacteraceae;g__UMGS1071;s__UMGS1071 sp900542375",0,0,0,0.00909455595190538,0,NA,0,NA,0,0,0.0343100618259141,0.0729017261071453,NA,0,0,0.00969219532374706
"t__d__Bacteria;p__Firmicutes_A;c__Clostridia;o__Oscillospirales;f__Acutalibacteraceae;g__UMGS1071;s__UMGS1071 sp900548305",0,0,0,0,0,NA,0,NA,0.0470408684650347,0.0553182729237928,0,0,NA,0,0,0.00852992844906895
"t__d__Bacteria;p__Firmicutes_A;c__Clostridia;o__Oscillospirales;f__Butyricicoccaceae;g__UBA4644",0,0.0258213235816812,0,0.0516066522825237,0,NA,0.0855576243492207,NA,0.0123436300713162,0,0.0568139120358259,0.155832587737238,NA,0,0,0.0323313108381505
"t__d__Bacteria;p__Firmicutes_A;c__Clostridia;o__Oscillospirales;f__CAG-272;g__CAG-448;s__CAG-448 sp003150135",0,0,0,0.0141711782983631,0,NA,0,NA,0,0,0,0,NA,0,0,0.0011809315248636
"t__d__Bacteria;p__Firmicutes_A;c__Clostridia;o__Oscillospirales;f__CAG-272;g__CAG-724;s__CAG-724 sp900551005",0,0.0292346153981098,0,0,0,NA,0,NA,0,0,0,0,NA,0,0,0.00243621794984249
"t__d__Bacteria;p__Firmicutes_A;c__Clostridia;o__Oscillospirales;f__CAG-382;g__UMGS1052",0,0,0,0,0,NA,0,NA,0,0,0.047007114762962,0,NA,0,0,0.00391725956358017
"t__d__Bacteria;p__Firmicutes_A;c__Clostridia;o__Oscillospirales;f__CAG-382;g__UMGS1052;s__UMGS1052 sp900548115",0,0,0,0,0,NA,0,NA,0.048230680994639,0.0460608714349093,0.276760869504969,0.251363959743004,NA,0,0,0.0518680318064601
"t__d__Bacteria;p__Firmicutes_A;c__Clostridia;o__Oscillospirales;f__Oscillospiraceae;g__CAG-103",0,0,0,0,0,NA,0,NA,0,0,0,0.0397741050021276,NA,0,0,0.0033145087501773
"t__d__Bacteria;p__Firmicutes_A;c__Clostridia;o__Oscillospirales;f__Oscillospiraceae;g__CAG-103;s__CAG-103 sp000432375",0,0,0,0,0,NA,0,NA,0.02606648500115,0,0.0320481002453737,0,NA,0,0,0.00484288210387698
"t__d__Bacteria;p__Firmicutes_A;c__Clostridia;o__Oscillospirales;f__Oscillospiraceae;g__CAG-103;s__CAG-103 sp900317855",0,0.120454397762334,0,0,0,NA,0,NA,0,0,0,0,NA,0,0,0.0100378664801945
"t__d__Bacteria;p__Firmicutes_A;c__Clostridia;o__Oscillospirales;f__Oscillospiraceae;g__CAG-170",0,0,0,0,0,NA,0.188637575025604,NA,0.0345487621836929,0,0,0,NA,0,0,0.0185988614341081
"t__d__Bacteria;p__Firmicutes_A;c__Clostridia;o__Oscillospirales;f__Oscillospiraceae;g__CAG-170;s__CAG-170 sp016296635",0,0,0,0.0681394542964893,0,NA,0,NA,0.0145567036661558,0,0,0,NA,0,0,0.0068913464968871
"t__d__Bacteria;p__Firmicutes_A;c__Clostridia;o__Oscillospirales;f__Oscillospiraceae;g__CAG-170;s__CAG-170 sp900553545",0,0.0405145824771692,0.561109877055552,0.00539005278026492,0,NA,0,NA,0.0592748217648629,0.0436737995209854,0.0611273260512618,0.266244214820872,NA,0.288757296229101,0,0.110507664225006
"t__d__Bacteria;p__Firmicutes_A;c__Clostridia;o__Oscillospirales;f__Oscillospiraceae;g__CAG-170;s__CAG-170 sp900751035",0,0,0,0,0,NA,0,NA,0.0781462733525779,0,0,0,NA,0,0,0.00651218944604816
"t__d__Bacteria;p__Firmicutes_A;c__Clostridia;o__Oscillospirales;f__Oscillospiraceae;g__CAG-170;s__CAG-170 sp902796245",0,0,0,0,0,NA,0,NA,0,0,0.0117328207950471,0,NA,0,0,0.000977735066253928
"t__d__Bacteria;p__Firmicutes_A;c__Clostridia;o__Oscillospirales;f__Oscillospiraceae;g__CAG-83;s__CAG-83 sp004555205",0,0.01907948398893,0,0,0,NA,0,NA,0,0,0,0,NA,0,0,0.0015899569990775
"t__d__Bacteria;p__Firmicutes_A;c__Clostridia;o__Oscillospirales;f__Oscillospiraceae;g__CAG-83;s__CAG-83 sp004557655",0,0,0,0.00344006328127361,0,NA,0,NA,0.012646231080457,0,0,0.0370935941254868,NA,0,0,0.00443165737393478
"t__d__Bacteria;p__Firmicutes_A;c__Clostridia;o__Oscillospirales;f__Oscillospiraceae;g__CAG-83;s__CAG-83 sp900548615",0,0,0,0,0,NA,0,NA,0,0.0325379984963158,0.00483927483696131,0,NA,0,0,0.00311477277777309
"t__d__Bacteria;p__Firmicutes_A;c__Clostridia;o__Oscillospirales;f__Oscillospiraceae;g__CAG-83;s__CAG-83 sp900551995",0,0,0,0,0,NA,0.275061703245802,NA,0.0664197839433133,0,0.00231945333150026,0,NA,0,0,0.028650078376718
"t__d__Bacteria;p__Firmicutes_A;c__Clostridia;o__Oscillospirales;f__Oscillospiraceae;g__CAG-83;s__CAG-83 sp902388735",0,0,0,0.000566766244679564,0,NA,0,NA,0,0,0,0,NA,0,0,4.72305203899637e-05
"t__d__Bacteria;p__Firmicutes_A;c__Clostridia;o__Oscillospirales;f__Oscillospiraceae;g__Dysosmobacter",0,0,0,0.0183643300802868,0,NA,0,NA,0.0730868265672712,0,0.254062645422164,0,NA,0,0,0.0287928168391435
"t__d__Bacteria;p__Firmicutes_A;c__Clostridia;o__Oscillospirales;f__Oscillospiraceae;g__Dysosmobacter;s__Dysosmobacter excrementavium",0,0,0,0.0233081335063187,0,NA,0,NA,0,0,0.0413987112609633,0.087678374129073,NA,0,0,0.0126987682413629
"t__d__Bacteria;p__Firmicutes_A;c__Clostridia;o__Oscillospirales;f__Oscillospiraceae;g__Dysosmobacter;s__Dysosmobacter sp001916835",0,0,0,0,0,NA,0,NA,0,0,0.174014916928435,0,NA,0,0,0.0145012430773696
"t__d__Bacteria;p__Firmicutes_A;c__Clostridia;o__Oscillospirales;f__Oscillospiraceae;g__Dysosmobacter;s__Dysosmobacter sp004558115",0,0,0,0,0,NA,0,NA,0,0,0.349795517698914,0,NA,0,0,0.0291496264749095
"t__d__Bacteria;p__Firmicutes_A;c__Clostridia;o__Oscillospirales;f__Oscillospiraceae;g__Dysosmobacter;s__Dysosmobacter sp900550685",0,0.0278607151018351,0.253800891121125,0.0467781439114914,0,NA,0,NA,0,0,0,0,NA,0,0,0.027369979177871
"t__d__Bacteria;p__Firmicutes_A;c__Clostridia;o__Oscillospirales;f__Oscillospiraceae;g__ER4",0,0,0,0,0,NA,0,NA,0,0,0.0341212045996256,0,NA,0,0,0.00284343371663547
"t__d__Bacteria;p__Firmicutes_A;c__Clostridia;o__Oscillospirales;f__Oscillospiraceae;g__ER4;s__ER4 sp900317525",0,0,0,0,0,NA,0,NA,0,0,0.053174122037503,0,NA,0,0,0.00443117683645859
"t__d__Bacteria;p__Firmicutes_A;c__Clostridia;o__Oscillospirales;f__Oscillospiraceae;g__ER4;s__ER4 sp900546295",0,0,0,0,0,NA,0,NA,0.0115203112926372,0,0,0,NA,0,0,0.000960025941053096
"t__d__Bacteria;p__Firmicutes_A;c__Clostridia;o__Oscillospirales;f__Oscillospiraceae;g__ER4;s__ER4 sp900550165",0,0,0,0,0,NA,0,NA,0,0,0.0288241215797946,0,NA,0,0,0.00240201013164955
"t__d__Bacteria;p__Firmicutes_A;c__Clostridia;o__Oscillospirales;f__Oscillospiraceae;g__ER4;s__ER4 sp900763705",0,0,0,0,0,NA,0,NA,0,0,0,0.0591532217540758,NA,0,0,0.00492943514617298
"t__d__Bacteria;p__Firmicutes_A;c__Clostridia;o__Oscillospirales;f__Oscillospiraceae;g__F23-B02;s__F23-B02 sp001916715",0,0,0,0,0,NA,0,NA,0,0,0.00420159563045476,0,NA,0,0,0.000350132969204563
"t__d__Bacteria;p__Firmicutes_A;c__Clostridia;o__Oscillospirales;f__Oscillospiraceae;g__F23-B02;s__F23-B02 sp004557075",0,0,0,0.0145660604061105,0,NA,0,NA,0,0,0,0,NA,0,0,0.00121383836717588
"t__d__Bacteria;p__Firmicutes_A;c__Clostridia;o__Oscillospirales;f__Oscillospiraceae;g__Faecousia;s__Faecousia sp900546415",0,0,0,0.0206525294140871,0,NA,0,NA,0.0178139874848679,0,0,0,NA,0,0,0.00320554307491292
"t__d__Bacteria;p__Firmicutes_A;c__Clostridia;o__Oscillospirales;f__Oscillospiraceae;g__Faecousia;s__Faecousia sp900762935",0,0.0337146419472063,0,0,0,NA,0,NA,0,0,0,0,NA,0,0,0.00280955349560052
"t__d__Bacteria;p__Firmicutes_A;c__Clostridia;o__Oscillospirales;f__Oscillospiraceae;g__Flavonifractor",0,0,0,0.00701341647205261,0,NA,0,NA,0,0,0.0755204932451051,0,NA,0,0,0.00687782580976314
"t__d__Bacteria;p__Firmicutes_A;c__Clostridia;o__Oscillospirales;f__Oscillospiraceae;g__Flavonifractor;s__Flavonifractor plautii",0,0,0,0.0193587915251618,0,NA,0,NA,0.0512658561987358,0,0,0,NA,0,0,0.0058853873103248
"t__d__Bacteria;p__Firmicutes_A;c__Clostridia;o__Oscillospirales;f__Oscillospiraceae;g__HGM12998",0,0,0,0,0,NA,0.278107729708015,NA,0,0,0.0393552004876401,0,NA,0,0,0.0264552441829712
"t__d__Bacteria;p__Firmicutes_A;c__Clostridia;o__Oscillospirales;f__Oscillospiraceae;g__Intestinimonas;s__Intestinimonas massiliensis",0,0,0,0,0,NA,0,NA,0.0167751097321498,0,0,0,NA,0,0,0.00139792581101248
"t__d__Bacteria;p__Firmicutes_A;c__Clostridia;o__Oscillospirales;f__Oscillospiraceae;g__Lawsonibacter;s__Lawsonibacter sp014287875",0,0,0,0,0,NA,0,NA,0,0,0,0.0848265797956848,NA,0,0,0.0070688816496404
"t__d__Bacteria;p__Firmicutes_A;c__Clostridia;o__Oscillospirales;f__Oscillospiraceae;g__Lawsonibacter;s__Lawsonibacter sp900549405",0,0,0.240297681542135,0.130949011869007,0,NA,0,NA,0,0,0.0158437906767392,0,NA,0,0,0.0322575403406567
"t__d__Bacteria;p__Firmicutes_A;c__Clostridia;o__Oscillospirales;f__Oscillospiraceae;g__Lawsonibacter;s__Lawsonibacter sp900550705",0,0,0,0,0,NA,0.71521957265391,NA,0,0,0,0.125839188897344,NA,0.065487956492742,0,0.0755455598369997
"t__d__Bacteria;p__Firmicutes_A;c__Clostridia;o__Oscillospirales;f__Oscillospiraceae;g__Limivicinus;s__Limivicinus sp900546515",0,0.0216078710733529,0,0.00301619870693429,0,NA,0,NA,0,0,0,0,NA,0,0,0.00205200581502394
"t__d__Bacteria;p__Firmicutes_A;c__Clostridia;o__Oscillospirales;f__Oscillospiraceae;g__Limivicinus;s__Limivicinus sp900549645",0,0,0,0.00361568589402451,0,NA,0,NA,0,0,0,0,NA,0,0,0.000301307157835376
"t__d__Bacteria;p__Firmicutes_A;c__Clostridia;o__Oscillospirales;f__Oscillospiraceae;g__NSJ-62;s__NSJ-62 sp014334055",0,0,0,0,0,NA,0,NA,0,0,0.0604864607320161,0,NA,0,0,0.00504053839433467
"t__d__Bacteria;p__Firmicutes_A;c__Clostridia;o__Oscillospirales;f__Oscillospiraceae;g__NSJ-62;s__NSJ-62 sp018919205",0,0,0,0,0,NA,0,NA,0,0,0.0296157314983116,0,NA,0,0,0.0024679776248593
"t__d__Bacteria;p__Firmicutes_A;c__Clostridia;o__Oscillospirales;f__Oscillospiraceae;g__UBA2658",0,0,0,0,0,NA,0,NA,0,0,0.0513459336971094,0,NA,0,0,0.00427882780809245
"t__d__Bacteria;p__Firmicutes_A;c__Clostridia;o__Oscillospirales;f__Ruminococcaceae;g__Anaerotruncus;s__Anaerotruncus rubiinfantis",0,0,0,0,0,NA,0,NA,0.0736771779648909,0,0.0988730462042826,0,NA,0,0,0.0143791853474311
"t__d__Bacteria;p__Firmicutes_A;c__Clostridia;o__Oscillospirales;f__Ruminococcaceae;g__Anaerotruncus;s__Anaerotruncus sp014385085",0,0,0,0,0,NA,0,NA,0.0480533411404464,0,0,0,NA,0,0,0.0040044450950372
"t__d__Bacteria;p__Firmicutes_A;c__Clostridia;o__Oscillospirales;f__Ruminococcaceae;g__Bittarella",0,0,0,0,0,NA,0,NA,0,0,0.00789754677087526,0,NA,0,0,0.000658128897572939
"t__d__Bacteria;p__Firmicutes_A;c__Clostridia;o__Oscillospirales;f__Ruminococcaceae;g__Bittarella;s__Bittarella massiliensis_A",0,0,0,0,0,NA,0,NA,0,0,0.180380570721289,0,NA,0,0,0.0150317142267741
"t__d__Bacteria;p__Firmicutes_A;c__Clostridia;o__Oscillospirales;f__Ruminococcaceae;g__Fimivivens;s__Fimivivens sp900113995",0,0,0,0.0204693261809068,0,NA,0,NA,0,0,0.0380645308870482,0,NA,0,0,0.00487782142232959
"t__d__Bacteria;p__Firmicutes_A;c__Clostridia;o__Oscillospirales;f__Ruminococcaceae;g__Harryflintia",0,0,0,0,0,NA,0,NA,0,0,0,0.0332635619322307,NA,0,0,0.00277196349435256
"t__d__Bacteria;p__Firmicutes_A;c__Clostridia;o__Oscillospirales;f__Ruminococcaceae;g__Harryflintia;s__Harryflintia acetispora",0,0,0,0,0,NA,0,NA,0.0330546942175061,0,0,0,NA,0,0,0.00275455785145884
"t__d__Bacteria;p__Firmicutes_A;c__Clostridia;o__Oscillospirales;f__Ruminococcaceae;g__Ruminococcus_D;s__Ruminococcus_D sp000434695",0,0,0,0,0,NA,0.119326542565553,NA,0,0,0.015516421529497,0,NA,0,0,0.0112369136745875
"t__d__Bacteria;p__Firmicutes_A;c__Clostridia;o__Oscillospirales;f__Ruminococcaceae;g__Ruminococcus_D;s__Ruminococcus_D sp900752625",0,0,0,0.0485120953272068,0,NA,0,NA,0,0.140301966819657,0,0.0436518741826826,NA,0,0,0.0193721613607955
"t__d__Bacteria;p__Firmicutes_A;c__Clostridia;o__Peptostreptococcales;f__Anaerovoracaceae;g__Alangreenwoodia;s__Alangreenwoodia sp905206455",0,0,0,0.00406447193400648,0,NA,0,NA,0,0,0,0,NA,0,0,0.00033870599450054
"t__d__Bacteria;p__Firmicutes_A;c__Clostridia;o__Peptostreptococcales;f__Anaerovoracaceae;g__CAG-238",0,0,0,0.0145111466630506,0,NA,0,NA,0,0,0.0327522364096912,0,NA,0,0,0.00393861525606182
"t__d__Bacteria;p__Firmicutes_A;c__Clostridia;o__Peptostreptococcales;f__Anaerovoracaceae;g__CAG-238;s__CAG-238 sp900542245",0,0.0391410683128205,0,0.0576429609535309,0,NA,0.0845011616402465,NA,0,0,0,0,NA,0,0,0.0151070992422165
"t__d__Bacteria;p__Firmicutes_A;c__Clostridia;o__Peptostreptococcales;f__Anaerovoracaceae;g__CAG-238;s__CAG-238 sp900754805",0,0.25680530347338,0.385459877085111,0.0551297069112774,0,NA,0.0893476798106138,NA,0,0.0334998261010717,0,0,NA,0,0,0.0683535327817878
"t__d__Bacteria;p__Firmicutes_A;c__Clostridia;o__Peptostreptococcales;f__Anaerovoracaceae;g__Eubacterium_B",0,0.134415908055677,0,0.0606337825640826,0,NA,0.135040873552218,NA,0.0424851521482544,0.0382312767193542,0.266610302740128,0.223902522767282,NA,0,0,0.0751099848789164
"t__d__Bacteria;p__Firmicutes_A;c__Clostridia;o__Peptostreptococcales;f__Anaerovoracaceae;g__Eubacterium_B;s__Eubacterium_B sulci",0,0,0,0.00793430763089954,0,NA,0,NA,0.0232665384596925,0,0.103223229115498,0.0747360452361221,NA,0,0,0.017430010036851
"t__d__Bacteria;p__Firmicutes_A;c__Clostridia;o__Peptostreptococcales;f__Peptostreptococcaceae;g__GCA-900066495",0,0,0,0,0,NA,0,NA,0,0,0,0.0348993689645282,NA,0,0,0.00290828074704401
"t__d__Bacteria;p__Firmicutes_A;c__Clostridia;o__Peptostreptococcales;f__Peptostreptococcaceae;g__GCA-900066495;s__GCA-900066495 sp902362365",0,0,0,0,0,NA,0,NA,0,0,0.0315106339950734,0,NA,0,0,0.00262588616625611
"t__d__Bacteria;p__Firmicutes_A;c__Clostridia;o__Peptostreptococcales;f__Peptostreptococcaceae;g__Romboutsia",0,0.0609855143132336,0.311645213312784,0,0,NA,0.236909923123045,NA,0.894931074291499,0,0.315704174376675,0.0934720452630032,NA,0,0,0.159470662056687
"t__d__Bacteria;p__Firmicutes_A;c__Clostridia;o__Peptostreptococcales;f__Peptostreptococcaceae;g__Romboutsia;s__Romboutsia timonensis",0,0,0,0,0,NA,0,NA,0.301447497102791,0,0,0.18342615482882,NA,0,0,0.0404061376609676
"t__d__Bacteria;p__Firmicutes_A;c__Clostridia;o__Peptostreptococcales;f__Peptostreptococcaceae;g__Terrisporobacter",0,0,0,0,0,NA,0,NA,0.0292542413335691,0,0.0795688090333676,0.164708963984425,NA,0,0,0.0227943345292801
"t__d__Bacteria;p__Firmicutes_A;c__Clostridia;o__Peptostreptococcales;f__Peptostreptococcaceae;g__Terrisporobacter;s__Terrisporobacter sp900557165",0,0,0,0,0,NA,0,NA,0,0.0345178448842013,0.0323534736670249,0.243944115268902,NA,0,0,0.0259012861516773
"t__d__Bacteria;p__Firmicutes_A;c__Clostridia;o__Saccharofermentanales;f__DTU023;g__SFGY01",0,0,0,0,0,NA,0.280019674718902,NA,0.0104615365694457,0,0,0,NA,0,0,0.0242067676073623
"t__d__Bacteria;p__Firmicutes_A;c__Clostridia;o__TANB77;f__CAG-508;g__CAG-269;s__CAG-269 sp905215845",0,0,0,0.0089672788323337,0,NA,0,NA,0.0314067275803623,0,0,0,NA,0,0,0.00336450053439133
"t__d__Bacteria;p__Firmicutes_A;c__Clostridia;o__TANB77;f__CAG-508;g__CAG-793;s__CAG-793 sp900557475",0,0.168592368553446,0.205396816846055,0.149042425959083,0.47692663759822,NA,0,NA,0,0,0.202792097147065,0.233190746034951,NA,0,0,0.119661757678235
"t__d__Bacteria;p__Firmicutes_A;c__Clostridia;o__UBA1212;f__UBA1255;g__UMGS1851",0,0.19363530260997,0,0.0286882366422787,0,NA,0,NA,0,0,0,0,NA,0,0,0.018526961604354
"t__d__Bacteria;p__Firmicutes_C;c__Negativicutes;o__Selenomonadales;f__Selenomonadaceae;g__Centipeda",0,0,0,0,0,NA,0,NA,0,0,0.00439372557715986,0.0565578371288222,NA,0,0,0.00507929689216517
"t__d__Bacteria;p__Firmicutes_C;c__Negativicutes;o__Selenomonadales;f__Selenomonadaceae;g__Megamonas",0,0,0,0,0,NA,0,NA,0,0,0.0512801328580668,0,NA,0,0,0.0042733444048389
"t__d__Bacteria;p__Firmicutes_C;c__Negativicutes;o__Selenomonadales;f__Selenomonadaceae;g__Megamonas;s__Megamonas funiformis",0,0,0,0,0,NA,0,NA,0,0,0,0.124299531687249,NA,0,0,0.0103582943072707
"t__d__Bacteria;p__Firmicutes_C;c__Negativicutes;o__Veillonellales;f__Dialisteraceae;g__Allisonella",0,0.192466934140729,0.198255385359342,0.219794118796224,0,NA,0.599144617096853,NA,0,0.160808141463455,0.119357095148685,0,NA,0.865058431422925,0,0.196240393619018
"t__d__Bacteria;p__Firmicutes_C;c__Negativicutes;o__Veillonellales;f__Dialisteraceae;g__Allisonella;s__Allisonella histaminiformans",1,0.0411577590893739,0.705025621062476,0.304792350744175,0,NA,0,NA,0,0.0878902022805722,0.136691878983901,0.118357380271115,NA,0,0,0.199492932702634
"t__d__Bacteria;p__Firmicutes_C;c__Negativicutes;o__Veillonellales;f__Dialisteraceae;g__Allisonella;s__Allisonella pneumosintes",0,0,0,0,0,NA,0,NA,0,0,0.0162026613982884,0,NA,0,0,0.0013502217831907
"t__d__Bacteria;p__Firmicutes_C;c__Negativicutes;o__Veillonellales;f__Dialisteraceae;g__Dialister;s__Dialister sp900543455",0,0,0,0.028030520870509,0,NA,0.3679565352194,NA,0.0293652517997032,0,0,0.0409696794145525,NA,0,0,0.0388601656086804
"t__d__Bacteria;p__Firmicutes_C;c__Negativicutes;o__Veillonellales;f__Veillonellaceae;g__Veillonella",0,0,0,0,0,NA,0,NA,0.0295763078237389,0,0,0,NA,0,0,0.00246469231864491
"t__d__Bacteria;p__Firmicutes_C;c__Negativicutes;o__Veillonellales;f__Veillonellaceae;g__Veillonella;s__Veillonella denticariosi",0,0,0,0,0,NA,0,NA,0.0590940069208138,0,0.0638272967747175,0,NA,0,0,0.0102434419746276
"t__d__Bacteria;p__Firmicutes_C;c__Negativicutes;o__Veillonellales;f__Veillonellaceae;g__Veillonella;s__Veillonella dispar",0,0,0,0.00782549123546661,0,NA,0,NA,0.0227545958471425,0,0,0,NA,0,0,0.00254834059021743
"t__d__Bacteria;p__Firmicutes_C;c__Negativicutes;o__Veillonellales;f__Veillonellaceae;g__Veillonella;s__Veillonella nakazawae",0,0,0,0.0180385515414817,0,NA,0,NA,0.0139946978946269,0,0,0,NA,0,0,0.00266943745300905
"t__d__Bacteria;p__Firmicutes_C;c__Negativicutes;o__Veillonellales;f__Veillonellaceae;g__Veillonella;s__Veillonella parvula",0,0,0,0.0042797574586445,0,NA,0,NA,0,0,0,0,NA,0,0,0.000356646454887041
"t__d__Bacteria;p__Firmicutes_C;c__Negativicutes;o__Veillonellales;f__Veillonellaceae;g__Veillonella;s__Veillonella parvula_A",0,0,0,0,0,NA,0,NA,0,0,0.0729986928854386,0,NA,0,0,0.00608322440711988
"t__d__Bacteria;p__Firmicutes_C;c__Negativicutes;o__Veillonellales;f__Veillonellaceae;g__Veillonella;s__Veillonella rodentium",0,0,0,0,0,NA,0,NA,0,0,0.0413003931757601,0,NA,0,0,0.00344169943131334
"t__d__Bacteria;p__Firmicutes_C;c__Negativicutes;o__Veillonellales;f__Veillonellaceae;g__Veillonella;s__Veillonella sp003463825",0,0,0,0,0,NA,0,NA,0,0,0.0261090653736165,0,NA,0,0,0.00217575544780137
"t__d__Bacteria;p__Firmicutes_C;c__Negativicutes;o__Veillonellales;f__Veillonellaceae;g__Veillonella;s__Veillonella sp900549805",0,0,0,0,0,NA,0,NA,0,0,0.00010618626147347,0,NA,0,0,8.84885512278918e-06
"t__d__Bacteria;p__Firmicutes_C;c__Negativicutes;o__Veillonellales;f__Veillonellaceae;g__Veillonella;s__Veillonella sp900549845",0,0,0,0,0,NA,0,NA,0,0,0,0.0579526834891881,NA,0,0,0.00482939029076568
"t__d__Bacteria;p__Firmicutes_C;c__Negativicutes;o__Veillonellales;f__Veillonellaceae;g__Veillonella;s__Veillonella sp900550455",0,0,0,0,0,NA,0,NA,0,0,0.00843739342006727,0,NA,0,0,0.000703116118338939
"t__d__Bacteria;p__Firmicutes_C;c__Negativicutes;o__Veillonellales;f__Veillonellaceae;g__Veillonella;s__Veillonella sp900766125",0,0.0154037464063989,0,0,0,NA,0,NA,0,0,0,0,NA,0,0,0.00128364553386657
"t__d__Bacteria;p__Firmicutes_C;c__Negativicutes;o__Veillonellales;f__Veillonellaceae;g__Veillonella;s__Veillonella sp905209685",0,0,0,0,0,NA,0,NA,0,0,0.0407890457013912,0,NA,0,0,0.0033990871417826
"t__d__Bacteria;p__Firmicutes_C;c__Negativicutes;o__Veillonellales;f__Veillonellaceae;g__Veillonella;s__Veillonella sp905214495",0,0,0,0,0,NA,0,NA,0.0341993203418246,0,0,0,NA,0,0,0.00284994336181871
"t__d__Bacteria;p__Firmicutes_C;c__Negativicutes;o__Veillonellales;f__Veillonellaceae;g__Veillonella;s__Veillonella tobetsuensis",0,0,0,0,0,NA,0,NA,0.0386705685618729,0,0,0,NA,0,0,0.00322254738015608
"t__d__Bacteria;p__Firmicutes;c__Bacilli;o__Erysipelotrichales;f__Coprobacillaceae;g__Catenibacterium;s__Catenibacterium sp900764725",0,0.288702584524946,0,0.0276913012248747,0,NA,0,NA,0,0,0.00885265033245171,0,NA,0,0,0.027103878006856
"t__d__Bacteria;p__Firmicutes;c__Bacilli;o__Erysipelotrichales;f__Coprobacillaceae;g__Erysipelatoclostridium",0,0,0,0,0,NA,0,NA,0,0,0.215146656087023,0,NA,0,0,0.0179288880072519
"t__d__Bacteria;p__Firmicutes;c__Bacilli;o__Erysipelotrichales;f__Coprobacillaceae;g__Erysipelatoclostridium;s__Erysipelatoclostridium ramosum",0,0,0,0,0,NA,0,NA,0.0225754885014293,0,0.0970173008756172,0,NA,0,0,0.00996606578142055
"t__d__Bacteria;p__Firmicutes;c__Bacilli;o__Erysipelotrichales;f__Coprobacillaceae;g__Erysipelatoclostridium;s__Erysipelatoclostridium spiroforme",0,0,0,0,0,NA,0,NA,0.0301257254099011,0,0,0,NA,0,0,0.00251047711749176
"t__d__Bacteria;p__Firmicutes;c__Bacilli;o__Erysipelotrichales;f__Coprobacillaceae;g__Erysipelatoclostridium;s__Erysipelatoclostridium spiroforme_A",0,0,0,0.0152594523207925,0,NA,0,NA,0,0,0,0,NA,0,0,0.00127162102673271
"t__d__Bacteria;p__Firmicutes;c__Bacilli;o__Erysipelotrichales;f__Coprobacillaceae;g__Longibaculum",0,0,0,0,0,NA,0.107800125219057,NA,0,0,0,0,NA,0,0,0.00898334376825478
"t__d__Bacteria;p__Firmicutes;c__Bacilli;o__Erysipelotrichales;f__Coprobacillaceae;g__Massiliomicrobiota",0,0,0,0,0,NA,0,NA,0,0.042422178137767,0.068358962137265,0,NA,0,0,0.009231761689586
"t__d__Bacteria;p__Firmicutes;c__Bacilli;o__Erysipelotrichales;f__Coprobacillaceae;g__Massiliomicrobiota;s__Massiliomicrobiota sp002160865",0,0,0,0,0,NA,0,NA,0,0.109950421373698,0.0696983209994203,0,NA,0,0,0.0149707285310932
"t__d__Bacteria;p__Firmicutes;c__Bacilli;o__Erysipelotrichales;f__Erysipelotrichaceae;g__Amedibacterium;s__Amedibacterium intestinale",0,0,0,0,0,NA,0,NA,0.0198858717342018,0,0.0140815265257165,0,NA,0,0,0.00283061652165986
"t__d__Bacteria;p__Firmicutes;c__Bacilli;o__Erysipelotrichales;f__Erysipelotrichaceae;g__Bulleidia",0,0.016434078670919,0,0.012316172450317,0,NA,0,NA,0.0139131048559038,0,0.239579973130414,0,NA,0,0,0.0235202774256295
"t__d__Bacteria;p__Firmicutes;c__Bacilli;o__Erysipelotrichales;f__Erysipelotrichaceae;g__Clostridium_AQ",0,0,0,0.0565126485960307,0,NA,0,NA,0,0,0.0860027149249824,0.112523356835011,NA,0,0,0.0212532266963353
"t__d__Bacteria;p__Firmicutes;c__Bacilli;o__Erysipelotrichales;f__Erysipelotrichaceae;g__Clostridium_AQ;s__Clostridium_AQ innocuum",0,0,0,0.0189893786638343,0,NA,0.0947720946110978,NA,0,0,0,0.0373343638800159,NA,0,0,0.0125913197629123
"t__d__Bacteria;p__Firmicutes;c__Bacilli;o__Erysipelotrichales;f__Erysipelotrichaceae;g__Clostridium_AQ;s__Clostridium_AQ sp003481775",0,0,0,0,0,NA,0,NA,0.0343756610787476,0,0,0,NA,0,0,0.00286463842322897
"t__d__Bacteria;p__Firmicutes;c__Bacilli;o__Erysipelotrichales;f__Erysipelotrichaceae;g__Holdemanella",0,0,0,0,0,NA,0.24709404783817,NA,0,0,0,0,NA,0,0,0.0205911706531809
"t__d__Bacteria;p__Firmicutes;c__Bacilli;o__Erysipelotrichales;f__Erysipelotrichaceae;g__Holdemanella;s__Holdemanella biformis",0,0,0,0,0,NA,0,NA,0,0,0.0351524658350034,0,NA,0,0,0.00292937215291695
"t__d__Bacteria;p__Firmicutes;c__Bacilli;o__Erysipelotrichales;f__Erysipelotrichaceae;g__Holdemanella;s__Holdemanella sp900547815",0,0,0,0,0,NA,0.203134124952903,NA,0.0535477200559247,0,0,0,NA,0,0,0.0213901537507356
"t__d__Bacteria;p__Firmicutes;c__Bacilli;o__Erysipelotrichales;f__Erysipelotrichaceae;g__Holdemanella;s__Holdemanella sp900754615",0,0,0,0,0,NA,0.389988486114694,NA,0,0,0,0,NA,0,0,0.0324990405095578
"t__d__Bacteria;p__Firmicutes;c__Bacilli;o__Erysipelotrichales;f__Erysipelotrichaceae;g__Longicatena",0,0,0,0.0162772059674562,0,NA,0,NA,0,0,0,0.0707135301177548,NA,0,0,0.00724922800710092
"t__d__Bacteria;p__Firmicutes;c__Bacilli;o__Erysipelotrichales;f__Erysipelotrichaceae;g__Longicatena;s__Longicatena caecimuris",0,0,0,0.00886004178615114,0,NA,0,NA,0,0,0,0,NA,0,0,0.000738336815512595
"t__d__Bacteria;p__Firmicutes;c__Bacilli;o__Erysipelotrichales;f__Erysipelotrichaceae;g__UBA636;s__UBA636 sp900546285",0,0,0,0,0,NA,0.559213131302028,NA,0,0.0355441263068683,0,0,NA,0,0,0.0495631048007414
"t__d__Bacteria;p__Firmicutes;c__Bacilli;o__Haloplasmatales_A;f__Turicibacteraceae;g__Turicibacter",0,0,0,0,0,NA,0,NA,0,0,0.00474020024681823,0,NA,0,0,0.000395016687234853
"t__d__Bacteria;p__Firmicutes;c__Bacilli;o__Haloplasmatales_A;f__Turicibacteraceae;g__Turicibacter;s__Turicibacter sanguinis",0,0,0,0.0215621693093523,0,NA,0,NA,0,0,0.0174742720608966,0,NA,0,0,0.00325303678085407
"t__d__Bacteria;p__Firmicutes;c__Bacilli;o__Lactobacillales;f__Lactobacillaceae;g__Lacticaseibacillus;s__Lacticaseibacillus paracasei",0,0,0,0,0,NA,0,NA,0.0749787577977296,0,0,0,NA,0,0,0.00624822981647746
"t__d__Bacteria;p__Firmicutes;c__Bacilli;o__Lactobacillales;f__Lactobacillaceae;g__Lactobacillus",0,0,0,0.000636823310535551,0,NA,0,NA,0,0,0,0,NA,0,0,5.30686092112959e-05
"t__d__Bacteria;p__Firmicutes;c__Bacilli;o__Lactobacillales;f__Lactobacillaceae;g__Lactobacillus;s__Lactobacillus gasseri",0,0,0,0,0,NA,0.158690256761435,NA,0,0,0,0,NA,0,0,0.0132241880634529
"t__d__Bacteria;p__Firmicutes;c__Bacilli;o__Lactobacillales;f__Lactobacillaceae;g__Lactobacillus;s__Lactobacillus porci",0,0.0512766370010565,0,0.0369425045610173,0,NA,0,NA,0,0,0,0,NA,0,0,0.00735159513017282
"t__d__Bacteria;p__Firmicutes;c__Bacilli;o__Lactobacillales;f__Lactobacillaceae;g__Lactobacillus;s__Lactobacillus taiwanensis",0,0,0,0,0,NA,0,NA,0.0308184113361645,0,0,0,NA,0,0,0.00256820094468038
"t__d__Bacteria;p__Firmicutes;c__Bacilli;o__Lactobacillales;f__Lactobacillaceae;g__Levilactobacillus",0,0,0,0,0,NA,0,NA,0.0225670479218176,0,0,0,NA,0,0,0.00188058732681813
"t__d__Bacteria;p__Firmicutes;c__Bacilli;o__Lactobacillales;f__Lactobacillaceae;g__Ligilactobacillus",0,0.173142337418819,0,0.06214744419619,0,NA,0.62801033061121,NA,0.0844923247488316,1,0.593470490780198,0.285844406288117,NA,0.276686821298918,0,0.25864951294519
"t__d__Bacteria;p__Firmicutes;c__Bacilli;o__Lactobacillales;f__Lactobacillaceae;g__Limosilactobacillus",0,0,0,0,0,NA,0,NA,0,0.069099687456072,0.0575253704855984,0.0395088443632172,NA,0,0,0.0138444918587406
"t__d__Bacteria;p__Firmicutes;c__Bacilli;o__Lactobacillales;f__Lactobacillaceae;g__Limosilactobacillus;s__Limosilactobacillus coleohominis",0,0,0,0,0,NA,0.271187782511758,NA,0,0,0,0,NA,0,0,0.0225989818759798
"t__d__Bacteria;p__Firmicutes;c__Bacilli;o__Lactobacillales;f__Lactobacillaceae;g__Liquorilactobacillus",0,0,0,0.188123973499779,0,NA,0,NA,0,0.0312696862325971,0.766606901420433,0,NA,0,0,0.0821667134294008
"t__d__Bacteria;p__Firmicutes;c__Bacilli;o__Lactobacillales;f__Streptococcaceae;g__Streptococcus",0,0,0,0,0,NA,0,NA,0.0400448601346579,0,0.00738321526834775,0,NA,0,0,0.00395233961691714
"t__d__Bacteria;p__Firmicutes;c__Bacilli;o__Lactobacillales;f__Streptococcaceae;g__Streptococcus;s__Streptococcus agalactiae",0,0,0.208688309045346,0.00649464247874262,0,NA,0,NA,0.121676783671221,0.0441964230928852,0.114602921540457,0.138142364510502,NA,0,0,0.0528167870282628
"t__d__Bacteria;p__Firmicutes;c__Bacilli;o__Lactobacillales;f__Streptococcaceae;g__Streptococcus;s__Streptococcus alactolyticus",0,0,0,0.00735989549284748,0,NA,0,NA,0.0343681803900923,0,0,0,NA,0,0,0.00347733965691165
"t__d__Bacteria;p__Firmicutes;c__Bacilli;o__Lactobacillales;f__Streptococcaceae;g__Streptococcus;s__Streptococcus cristatus_C",0,0,0.497023413654832,0,0,NA,0,NA,0.100305568364357,0,0.0619690004562807,0,NA,0,0,0.0549414985396225
"t__d__Bacteria;p__Firmicutes;c__Bacilli;o__Lactobacillales;f__Streptococcaceae;g__Streptococcus;s__Streptococcus downei",0,0,0,0,0,NA,0,NA,0,0.0423258736457174,0,0,NA,0,0,0.00352715613714311
"t__d__Bacteria;p__Firmicutes;c__Bacilli;o__Lactobacillales;f__Streptococcaceae;g__Streptococcus;s__Streptococcus equinus",0,0,0,0,0,NA,0,NA,0,0.0909632359722461,0.237269469258915,0,NA,0,0,0.0273527254359301
"t__d__Bacteria;p__Firmicutes;c__Bacilli;o__Lactobacillales;f__Streptococcaceae;g__Streptococcus;s__Streptococcus equinus_B",0,0,0,0,0,NA,0,NA,0.0176378855669688,0,0,0,NA,0,0,0.0014698237972474
"t__d__Bacteria;p__Firmicutes;c__Bacilli;o__Lactobacillales;f__Streptococcaceae;g__Streptococcus;s__Streptococcus gallolyticus",0,0,0,0,0,NA,0.275703312535993,NA,0,0.114681346134823,0.0546360281387399,0,NA,0,0,0.0370850572341297
"t__d__Bacteria;p__Firmicutes;c__Bacilli;o__Lactobacillales;f__Streptococcaceae;g__Streptococcus;s__Streptococcus gallolyticus_B",0,0,0,0,0,NA,0,NA,0,0,0,0,NA,0.113077693291781,0,0.00942314110764838
"t__d__Bacteria;p__Firmicutes;c__Bacilli;o__Lactobacillales;f__Streptococcaceae;g__Streptococcus;s__Streptococcus gordonii",0.554258375222897,1,1,0.201721325836716,0.677330493684863,NA,0.753583442457586,NA,0.938643327041125,0.526056111759416,1,1,NA,1,1,0.804299423000217
"t__d__Bacteria;p__Firmicutes;c__Bacilli;o__Lactobacillales;f__Streptococcaceae;g__Streptococcus;s__Streptococcus gordonii_A",0,0,0.331692224178976,0,0,NA,0,NA,0.19431811007808,0,0.22111425049653,0.0707628097176652,NA,0,0,0.0681572828726042
"t__d__Bacteria;p__Firmicutes;c__Bacilli;o__Lactobacillales;f__Streptococcaceae;g__Streptococcus;s__Streptococcus infantis_C",0,0,0,0,0,NA,0,NA,0.0525981386975978,0,0.00598103959530846,0,NA,0,0,0.00488159819107552
"t__d__Bacteria;p__Firmicutes;c__Bacilli;o__Lactobacillales;f__Streptococcaceae;g__Streptococcus;s__Streptococcus infantis_E",0,0,0,0,0,NA,0,NA,0.0167387907810596,0,0.0375724628065691,0,NA,0,0,0.00452593779896906
"t__d__Bacteria;p__Firmicutes;c__Bacilli;o__Lactobacillales;f__Streptococcaceae;g__Streptococcus;s__Streptococcus infantis_F",0,0,0,0.0203157837409819,0,NA,0,NA,0,0.0625475363249341,0.145584209411107,0,NA,0,0,0.0190372941230853
"t__d__Bacteria;p__Firmicutes;c__Bacilli;o__Lactobacillales;f__Streptococcaceae;g__Streptococcus;s__Streptococcus mutans",0,0,0,0,0,NA,0,NA,0,0,0.0363146043933461,0,NA,0,0,0.00302621703277884
"t__d__Bacteria;p__Firmicutes;c__Bacilli;o__Lactobacillales;f__Streptococcaceae;g__Streptococcus;s__Streptococcus oralis_E",0,0.107566048199637,0,0.0404358228846795,0,NA,0.932916513378177,NA,0.239875974704658,0.0524730138241513,0.540930095489741,0.0689261155762025,NA,0.301382610118728,0,0.190375516181331
"t__d__Bacteria;p__Firmicutes;c__Bacilli;o__Lactobacillales;f__Streptococcaceae;g__Streptococcus;s__Streptococcus parasanguinis",0,0,0,0,0,NA,0,NA,0.0139132271497035,0,0,0,NA,0,0,0.00115943559580862
"t__d__Bacteria;p__Firmicutes;c__Bacilli;o__Lactobacillales;f__Streptococcaceae;g__Streptococcus;s__Streptococcus peroris",0,0,0,0,0,NA,0,NA,0,0,0.0319415990468914,0,NA,0,0,0.00266179992057429
"t__d__Bacteria;p__Firmicutes;c__Bacilli;o__Lactobacillales;f__Streptococcaceae;g__Streptococcus;s__Streptococcus pseudopneumoniae_M",0,0,0,0,0,NA,0,NA,0,0,0.03213885196894,0,NA,0,0,0.00267823766407833
"t__d__Bacteria;p__Firmicutes;c__Bacilli;o__Lactobacillales;f__Streptococcaceae;g__Streptococcus;s__Streptococcus sanguinis_I",0,0,0,0,0,NA,0,NA,0.0641213942711493,0,0.0500521987096317,0,NA,0,0,0.00951446608173175
"t__d__Bacteria;p__Firmicutes;c__Bacilli;o__Lactobacillales;f__Streptococcaceae;g__Streptococcus;s__Streptococcus sobrinus",0,0,0,0.00120854005999664,0,NA,0,NA,0,0,0,0,NA,0,0,0.000100711671666386
"t__d__Bacteria;p__Firmicutes;c__Bacilli;o__Lactobacillales;f__Streptococcaceae;g__Streptococcus;s__Streptococcus sp000187445",0,0,0,0.00796300852793305,0,NA,0,NA,0,0,0,0,NA,0,0,0.000663584043994421
"t__d__Bacteria;p__Firmicutes;c__Bacilli;o__Lactobacillales;f__Streptococcaceae;g__Streptococcus;s__Streptococcus sp000220065",0,0,0.219578036500851,0,0,NA,0,NA,0,0.108630095735985,0.131348615700676,0,NA,0,0,0.0382963956614594
"t__d__Bacteria;p__Firmicutes;c__Bacilli;o__Lactobacillales;f__Streptococcaceae;g__Streptococcus;s__Streptococcus sp001556435",0,0,0,0,0,NA,0,NA,0,0,0.0231226699385403,0,NA,0,0,0.00192688916154502
"t__d__Bacteria;p__Firmicutes;c__Bacilli;o__Lactobacillales;f__Streptococcaceae;g__Streptococcus;s__Streptococcus sp900766505",0,0,0,0,0,NA,0,NA,0.0515570861919317,0,0,0,NA,0,0,0.00429642384932764
"t__d__Bacteria;p__Firmicutes;c__Bacilli;o__Lactobacillales;f__Streptococcaceae;g__Streptococcus;s__Streptococcus sp902373455",0,0.109657167096694,0,0,0,NA,0,NA,0,0,0,0,NA,0,0,0.00913809725805781
"t__d__Bacteria;p__Firmicutes;c__Bacilli;o__Lactobacillales;f__Streptococcaceae;g__Streptococcus;s__Streptococcus vestibularis",0,0,0,0.0214606711627148,0,NA,0,NA,0,0,0,0,NA,0,0,0.00178838926355956
"t__d__Bacteria;p__Firmicutes;c__Bacilli;o__RF39;f__UBA660;g__Caccenecus;s__Caccenecus sp900758895",0,0,0,0.0123783993227259,0,NA,0,NA,0,0,0,0,NA,0,0,0.00103153327689382
"t__d__Bacteria;p__Firmicutes;c__Bacilli;o__RF39;f__UBA660;g__CAG-1000",0,0,0,0,0,NA,0,NA,0,0,0.0879266336181568,0,NA,0,0,0.00732721946817973
"t__d__Bacteria;p__Firmicutes;c__Bacilli;o__RF39;f__UBA660;g__RUG705",0,0,0,0.0132435294701143,0,NA,0,NA,0,0,0.0442765741538503,0,NA,0,0,0.00479334196866372
"t__d__Bacteria;p__Firmicutes;c__Bacilli;o__RFN20;f__CAG-288;g__Enterosoma;s__Enterosoma sp900549915",0,0,0,0,0,NA,0,NA,0,0,0.0752739658035517,0,NA,0,0,0.00627283048362931
"t__d__Bacteria;p__Fusobacteriota;c__Fusobacteriia;o__Fusobacteriales;f__Fusobacteriaceae;g__Fusobacterium_A",0,0,0.242544475510131,0.506622720791694,0,NA,0.509190487873312,NA,0.225814642841189,0.273583479109072,0.117537158157923,0.586591794461685,NA,0.38058987493687,0,0.236872886140156
"t__d__Bacteria;p__Fusobacteriota;c__Fusobacteriia;o__Fusobacteriales;f__Leptotrichiaceae;g__Leptotrichia",0,0,0,0.00940838570254083,0,NA,0,NA,0,0.0460734077533356,0.0399341938070283,0,NA,0,0,0.00795133227190872
"t__d__Bacteria;p__Proteobacteria;c__Alphaproteobacteria;o__RF32;f__CAG-239;g__CAJLXD01;s__CAJLXD01 sp905210515",0,0,0,0,0,NA,0,NA,0,0,0.00349255957117505,0,NA,0,0,0.000291046630931254
"t__d__Bacteria;p__Proteobacteria;c__Alphaproteobacteria;o__RF32;f__CAG-239;g__HGM16780;s__HGM16780 sp900538765",0,0,0,0,0,NA,0.125253320678896,NA,0,0.0506919036731024,0.0231072511474835,0,NA,0,0,0.0165877062916235
"t__d__Bacteria;p__Proteobacteria;c__Alphaproteobacteria;o__Rhizobiales;f__Stappiaceae;g__Roseibium",0,0,0,0,0,NA,0.728624529229903,NA,0.0433081940353114,0,0,0,NA,0,0,0.0643277269387679
"t__d__Bacteria;p__Proteobacteria;c__Gammaproteobacteria;o__Burkholderiales;f__Burkholderiaceae;g__Duodenibacillus;s__Duodenibacillus sp900552545",0,0,0,0,0,NA,0,NA,0,0,0.0127772516463437,0.0538706212330087,NA,0,0,0.0055539894066127
"t__d__Bacteria;p__Proteobacteria;c__Gammaproteobacteria;o__Burkholderiales;f__Burkholderiaceae;g__Parasutterella;s__Parasutterella sp900766055",0,0.235757547744593,0.31297599813665,0.00171740152498892,0,NA,0.139842214008896,NA,0.148044812878488,0.0847765642815227,0.0923256002720384,0,NA,0,0.307894906460979,0.110277920442346
"t__d__Bacteria;p__Proteobacteria;c__Gammaproteobacteria;o__Enterobacterales;f__Enterobacteriaceae;g__Atlantibacter",0,0,0,0,0,NA,0,NA,0,0,0.0514599723880027,0,NA,0,0,0.00428833103233356
"t__d__Bacteria;p__Proteobacteria;c__Gammaproteobacteria;o__Enterobacterales;f__Enterobacteriaceae;g__Brenneria",0,0,0,0.0211444659888956,0,NA,0,NA,0,0,0,0,NA,0,0,0.00176203883240797
"t__d__Bacteria;p__Proteobacteria;c__Gammaproteobacteria;o__Enterobacterales;f__Enterobacteriaceae;g__Cedecea",0,0,0,0.015620496166927,0,NA,0,NA,0,0,0,0,NA,0,0,0.00130170801391059
"t__d__Bacteria;p__Proteobacteria;c__Gammaproteobacteria;o__Enterobacterales;f__Enterobacteriaceae;g__Citrobacter_A",0,0,0,0.0336451100152674,0,NA,0,NA,0,0,0,0,NA,0,0,0.00280375916793895
"t__d__Bacteria;p__Proteobacteria;c__Gammaproteobacteria;o__Enterobacterales;f__Enterobacteriaceae;g__Citrobacter;s__Citrobacter europaeus",0,0,0,0,0,NA,0,NA,0.0380169797326408,0,0,0,NA,0,0,0.00316808164438674
"t__d__Bacteria;p__Proteobacteria;c__Gammaproteobacteria;o__Enterobacterales;f__Enterobacteriaceae;g__Edwardsiella",0,0,0,0,0,NA,0,NA,0.0176567476550049,0.0954281990337151,0,0,NA,0,0,0.00942374555739333
"t__d__Bacteria;p__Proteobacteria;c__Gammaproteobacteria;o__Enterobacterales;f__Enterobacteriaceae;g__Enterobacter;s__Enterobacter cloacae_P",0,0,0,0.0178811387999903,0,NA,0,NA,0.112837230921337,0,0,0,NA,0,0,0.0108931974767772
"t__d__Bacteria;p__Proteobacteria;c__Gammaproteobacteria;o__Enterobacterales;f__Enterobacteriaceae;g__Erwinia_A;s__Erwinia_A teleogrylli",0,0,0,0,0,NA,0,NA,0.0419929034523217,0,0,0,NA,0,0,0.00349940862102681
"t__d__Bacteria;p__Proteobacteria;c__Gammaproteobacteria;o__Enterobacterales;f__Enterobacteriaceae;g__Klebsiella",0,0.203328682207437,0,0.325764511521663,0,NA,0.551318296599837,NA,0.482609101759886,0.037024245698872,0.079526717702139,0.138269958428881,NA,0,0,0.15148679282656
"t__d__Bacteria;p__Proteobacteria;c__Gammaproteobacteria;o__Enterobacterales;f__Enterobacteriaceae;g__Klebsiella;s__Klebsiella aerogenes",0,0,0,0,0,NA,0,NA,0.0648406341039658,0,0,0,NA,0,0,0.00540338617533048
"t__d__Bacteria;p__Proteobacteria;c__Gammaproteobacteria;o__Enterobacterales;f__Enterobacteriaceae;g__Klebsiella;s__Klebsiella electrica",0,0,0,0.0725923642349405,0,NA,0,NA,0.468902006578207,0,0.0303263606139609,0,NA,0,0,0.0476517276189257
"t__d__Bacteria;p__Proteobacteria;c__Gammaproteobacteria;o__Enterobacterales;f__Enterobacteriaceae;g__Klebsiella;s__Klebsiella grimontii",0,0,0,0,0,NA,0,NA,0,0,0,0.166269140996931,NA,0,0,0.0138557617497442
"t__d__Bacteria;p__Proteobacteria;c__Gammaproteobacteria;o__Enterobacterales;f__Enterobacteriaceae;g__Klebsiella;s__Klebsiella indica",0,0,0,0,0,NA,0,NA,0,0,0.0133830487296575,0,NA,0,0,0.00111525406080479
"t__d__Bacteria;p__Proteobacteria;c__Gammaproteobacteria;o__Enterobacterales;f__Enterobacteriaceae;g__Klebsiella;s__Klebsiella ornithinolytica",0,0,0,0,0,NA,0,NA,0.0615762018665449,0,0,0,NA,0,0,0.00513135015554541
"t__d__Bacteria;p__Proteobacteria;c__Gammaproteobacteria;o__Enterobacterales;f__Enterobacteriaceae;g__Klebsiella;s__Klebsiella oxytoca",0,0,0,0,0,NA,0,NA,0.387622870657278,0,0,0,NA,0,0,0.0323019058881065
"t__d__Bacteria;p__Proteobacteria;c__Gammaproteobacteria;o__Enterobacterales;f__Enterobacteriaceae;g__Klebsiella;s__Klebsiella oxytoca_C",0,0,0,0.0354165664961632,0,NA,0,NA,0,0,0,0,NA,0,0,0.00295138054134693
"t__d__Bacteria;p__Proteobacteria;c__Gammaproteobacteria;o__Enterobacterales;f__Enterobacteriaceae;g__Klebsiella;s__Klebsiella planticola",0,0,0,0.0495013310970499,0,NA,0,NA,0.0143956323484729,0,0.0019224030588194,0,NA,0,0,0.00548494720869518
"t__d__Bacteria;p__Proteobacteria;c__Gammaproteobacteria;o__Enterobacterales;f__Enterobacteriaceae;g__Klebsiella;s__Klebsiella pneumoniae",0,0.400156542649863,0,0.0499951529080381,0.520173002345078,NA,0.459082556405292,NA,0.123436919104451,0,0.27713623242788,0,NA,0,0,0.152498367153383
"t__d__Bacteria;p__Proteobacteria;c__Gammaproteobacteria;o__Enterobacterales;f__Enterobacteriaceae;g__Klebsiella;s__Klebsiella quasipneumoniae",0,0,0,0,0,NA,0.331199884993679,NA,0.0932850458957093,0,0,0,NA,0,0,0.0353737442407823
"t__d__Bacteria;p__Proteobacteria;c__Gammaproteobacteria;o__Enterobacterales;f__Enterobacteriaceae;g__Klebsiella;s__Klebsiella sp002270295",0,0,0,0.0296574963318142,0,NA,0,NA,0,0,0,0,NA,0,0,0.00247145802765118
"t__d__Bacteria;p__Proteobacteria;c__Gammaproteobacteria;o__Enterobacterales;f__Enterobacteriaceae;g__Klebsiella;s__Klebsiella sp003752615",0,0,0,0,0,NA,0,NA,0,0,0.00552110558762921,0,NA,0,0,0.000460092132302434
"t__d__Bacteria;p__Proteobacteria;c__Gammaproteobacteria;o__Enterobacterales;f__Enterobacteriaceae;g__Klebsiella;s__Klebsiella spallanzanii",0,0,0,0,0,NA,0,NA,0,0,0.114221585312279,0,NA,0,0,0.00951846544268988
"t__d__Bacteria;p__Proteobacteria;c__Gammaproteobacteria;o__Enterobacterales;f__Enterobacteriaceae;g__Klebsiella;s__Klebsiella variicola",0,0.130890800060774,0,0,0,NA,0.204743605365538,NA,0.250244772193879,0,0.209821176246897,0,NA,0,0,0.0663083628222573
"t__d__Bacteria;p__Proteobacteria;c__Gammaproteobacteria;o__Enterobacterales;f__Enterobacteriaceae;g__Kluyvera",0,0,0.205997920136062,0,0,NA,0,NA,0,0,0.0156118894347704,0,NA,0,0,0.0184674841309027
"t__d__Bacteria;p__Proteobacteria;c__Gammaproteobacteria;o__Enterobacterales;f__Enterobacteriaceae;g__Leclercia",0,0,0,0,0,NA,0,NA,0.036592676918056,0.0414272709219795,0,0,NA,0,0,0.00650166232000295
"t__d__Bacteria;p__Proteobacteria;c__Gammaproteobacteria;o__Enterobacterales;f__Enterobacteriaceae;g__Lelliottia",0,0,0,0,0,NA,0,NA,0,0,0.0396503594523052,0,NA,0,0,0.00330419662102544
"t__d__Bacteria;p__Proteobacteria;c__Gammaproteobacteria;o__Enterobacterales;f__Enterobacteriaceae;g__Mixta",0,0.0135083213146196,0,0,0,NA,0,NA,0.0389218892426128,0,0,0,NA,0,0,0.0043691842131027
"t__d__Bacteria;p__Proteobacteria;c__Gammaproteobacteria;o__Enterobacterales;f__Enterobacteriaceae;g__Phytobacter",0,0,0,0.0995673576226634,0,NA,0,NA,0,0.0367773426895698,0,0,NA,0.226077211129158,0,0.0302018259534493
"t__d__Bacteria;p__Proteobacteria;c__Gammaproteobacteria;o__Enterobacterales;f__Enterobacteriaceae;g__Pseudescherichia",0,0.126373828790363,0,0,0,NA,0,NA,0,0.0537136997027216,0,0.0417747437353891,NA,0,0,0.0184885226857061
"t__d__Bacteria;p__Proteobacteria;c__Gammaproteobacteria;o__Enterobacterales;f__Enterobacteriaceae;g__Rahnella",0,0,0.261906622488956,0.0192079751905069,0,NA,0,NA,0,0,0,0,NA,0,0,0.0234262164732885
"t__d__Bacteria;p__Proteobacteria;c__Gammaproteobacteria;o__Enterobacterales;f__Enterobacteriaceae;g__Serratia",0,0,0,0.00100922848835195,0,NA,0,NA,0,0,0.0299748987855441,0,NA,0,0,0.002582010606158
"t__d__Bacteria;p__Proteobacteria;c__Gammaproteobacteria;o__Enterobacterales;f__Enterobacteriaceae;g__Shimwellia",0,0,0,0,0,NA,0,NA,0.0129324262609921,0,0.0261216759763446,0,NA,0,0,0.00325450851977806
"t__d__Bacteria;p__Proteobacteria;c__Gammaproteobacteria;o__Enterobacterales;f__Enterobacteriaceae;g__Trabulsiella",0,0,0,0.00292990531645101,0,NA,0,NA,0.00995457915980744,0,0,0,NA,0,0,0.0010737070396882
"t__d__Bacteria;p__Proteobacteria;c__Gammaproteobacteria;o__Enterobacterales;f__Enterobacteriaceae;g__Xenorhabdus",0,0,0,0,0,NA,0,NA,0.0351330058136165,0,0,0,NA,0,0,0.00292775048446804
"t__d__Bacteria;p__Proteobacteria;c__Gammaproteobacteria;o__Enterobacterales;f__Enterobacteriaceae;g__Yersinia",0,0.0142440873572666,0,0,0,NA,0,NA,0,0,0.0117833786828629,0,NA,0,0,0.00216895550334412
"t__d__Bacteria;p__Proteobacteria;c__Gammaproteobacteria;o__Pseudomonadales;f__Alcanivoracaceae;g__Alcanivorax;s__Alcanivorax profundi",0,0,0,0,0,NA,0,NA,0,0,0.150590238145288,0,NA,0,0,0.0125491865121073
"t__d__Bacteria;p__Spirochaetota;c__Brachyspirae;o__Brachyspirales;f__Brachyspiraceae;g__Brachyspira",0,0,0,0,0,NA,0,NA,0.0169923958176813,0,0.0126504737534436,0,NA,0,0,0.00247023913092707
"t__d__Bacteria;p__Spirochaetota;c__Spirochaetia;o__Treponematales;f__Treponemataceae;g__Treponema_D",0,0,0,0.244808737887697,0,NA,0,NA,0,0,0,0,NA,0,0,0.0204007281573081
"t__d__Bacteria;p__Spirochaetota;c__Spirochaetia;o__Treponematales;f__Treponemataceae;g__Treponema_D;s__Treponema_D sp016293645",0,0.0343681821496226,0,0,0,NA,0,NA,0,0,0,0,NA,0,0,0.00286401517913521
"t__d__Bacteria;p__Verrucomicrobiota;c__Verrucomicrobiae;o__Verrucomicrobiales;f__Akkermansiaceae;g__Akkermansia",0,0,0,0,0,NA,0,NA,0.048873512584355,0,0.0212518929288915,0,NA,0,0,0.00584378379277054
"t__d__Bacteria;p__Verrucomicrobiota;c__Verrucomicrobiae;o__Verrucomicrobiales;f__Akkermansiaceae;g__Akkermansia;s__Akkermansia muciniphila",0,0.0278268713535798,0,0,0,NA,0,NA,0,0,0,0,NA,0,0,0.00231890594613165
"t__d__Bacteria;p__Verrucomicrobiota;c__Verrucomicrobiae;o__Verrucomicrobiales;f__Akkermansiaceae;g__Akkermansia;s__Akkermansia muciniphila_C",0,0,0,0,0,NA,0,NA,0,0,0.0397955086707198,0,NA,0,0,0.00331629238922665
"t__d__Bacteria;p__Verrucomicrobiota;c__Verrucomicrobiae;o__Verrucomicrobiales;f__Akkermansiaceae;g__Akkermansia;s__Akkermansia muciniphila_E",0,0,0,0.024036466923338,0,NA,0,NA,0,0,0,0,NA,0,0,0.00200303891027816
"t__d__Bacteria;p__Verrucomicrobiota;c__Verrucomicrobiae;o__Verrucomicrobiales;f__Akkermansiaceae;g__Akkermansia;s__Akkermansia sp004167605",0,0,0,0.0132146813889935,0,NA,0,NA,0,0,0,0,NA,0,0,0.00110122344908279
